-- Adminer 3.4.0 MySQL dump

SET NAMES utf8;
SET foreign_key_checks = 0;
SET time_zone = 'SYSTEM';
SET sql_mode = 'NO_AUTO_VALUE_ON_ZERO';

DROP TABLE IF EXISTS `activity_log`;
CREATE TABLE `activity_log` (
  `id` int(10) unsigned NOT NULL AUTO_INCREMENT,
  `action` char(30) NOT NULL,
  `target` char(30) NOT NULL,
  `target_id` int(11) unsigned DEFAULT NULL,
  `employee_id` int(10) unsigned NOT NULL,
  `params` text NOT NULL,
  `created_time` datetime NOT NULL,
  PRIMARY KEY (`id`)
) TYPE=InnoDB;

INSERT INTO `activity_log` (`id`, `action`, `target`, `target_id`, `employee_id`, `params`, `created_time`) VALUES
(2903,	'index',	'invoice',	NULL,	1,	's:89:\"a:3:{s:6:\"module\";s:8:\"invoices\";s:10:\"controller\";s:5:\"index\";s:6:\"action\";s:5:\"index\";}\";',	'2012-11-21 06:06:45'),
(2904,	'new',	'invoice',	705,	1,	's:87:\"a:3:{s:6:\"module\";s:8:\"invoices\";s:10:\"controller\";s:5:\"index\";s:6:\"action\";s:3:\"new\";}\";',	'2012-11-21 06:06:50'),
(2905,	'edit',	'invoice',	705,	1,	's:107:\"a:4:{s:6:\"module\";s:8:\"invoices\";s:10:\"controller\";s:5:\"index\";s:6:\"action\";s:4:\"edit\";s:2:\"id\";s:3:\"705\";}\";',	'2012-11-21 06:06:50'),
(2906,	'view',	'invoice',	705,	1,	's:130:\"a:5:{s:6:\"module\";s:8:\"invoices\";s:10:\"controller\";s:5:\"index\";s:6:\"action\";s:4:\"view\";s:2:\"id\";s:3:\"705\";s:8:\"download\";s:1:\"1\";}\";',	'2012-11-21 06:07:13'),
(2907,	'pdf',	'invoice',	705,	1,	's:106:\"a:4:{s:6:\"module\";s:8:\"invoices\";s:10:\"controller\";s:5:\"index\";s:6:\"action\";s:3:\"pdf\";s:2:\"id\";s:3:\"705\";}\";',	'2012-11-21 06:07:14'),
(2908,	'view',	'invoice',	705,	1,	's:107:\"a:4:{s:6:\"module\";s:8:\"invoices\";s:10:\"controller\";s:5:\"index\";s:6:\"action\";s:4:\"view\";s:2:\"id\";s:3:\"705\";}\";',	'2012-11-21 06:07:18'),
(2909,	'payment',	'invoice',	705,	1,	's:555:\"a:6:{s:6:\"module\";s:8:\"invoices\";s:10:\"controller\";s:5:\"index\";s:6:\"action\";s:19:\"invoice-payment-pay\";s:7:\"invoice\";a:1:{s:2:\"id\";s:3:\"705\";}s:7:\"payment\";a:4:{s:10:\"invoice_id\";s:3:\"705\";s:6:\"amount\";s:5:\"38.72\";s:9:\"paid_time\";s:10:\"21-11-2012\";s:14:\"payment_method\";s:4:\"bank\";}s:5:\"email\";a:2:{s:5:\"email\";s:17:\"avladev@gmail.com\";s:4:\"body\";s:197:\"Geachte avladev@gmail.com, In de bijlage  kunt u de factuur FAC1289 voor onze diensten vinden. Wij verzoeken u vriendelijk de factuur voor 05-12-2012 te voldoen. Met vriendelijke groet, Senden, Jos\";}}\";',	'2012-11-21 06:07:22'),
(2910,	'view',	'invoice',	705,	1,	's:107:\"a:4:{s:6:\"module\";s:8:\"invoices\";s:10:\"controller\";s:5:\"index\";s:6:\"action\";s:4:\"view\";s:2:\"id\";s:3:\"705\";}\";',	'2012-11-21 06:07:25'),
(2911,	'index',	'invoice',	NULL,	1,	's:89:\"a:3:{s:6:\"module\";s:8:\"invoices\";s:10:\"controller\";s:5:\"index\";s:6:\"action\";s:5:\"index\";}\";',	'2012-11-21 06:07:27'),
(2912,	'view',	'invoice',	705,	1,	's:107:\"a:4:{s:6:\"module\";s:8:\"invoices\";s:10:\"controller\";s:5:\"index\";s:6:\"action\";s:4:\"view\";s:2:\"id\";s:3:\"705\";}\";',	'2012-11-21 06:07:39'),
(2913,	'pdf',	'invoice',	705,	1,	's:106:\"a:4:{s:6:\"module\";s:8:\"invoices\";s:10:\"controller\";s:5:\"index\";s:6:\"action\";s:3:\"pdf\";s:2:\"id\";s:3:\"705\";}\";',	'2012-11-21 06:07:44'),
(2914,	'index',	'invoice',	NULL,	1,	's:89:\"a:3:{s:6:\"module\";s:8:\"invoices\";s:10:\"controller\";s:5:\"index\";s:6:\"action\";s:5:\"index\";}\";',	'2012-11-21 06:07:51'),
(2915,	'annex',	'invoice',	706,	1,	's:149:\"a:5:{s:6:\"module\";s:8:\"invoices\";s:10:\"controller\";s:5:\"index\";s:6:\"action\";s:20:\"create-annex-invoice\";s:8:\"proforma\";s:1:\"0\";s:7:\"invoice\";s:0:\"\";}\";',	'2012-11-21 06:07:59'),
(2916,	'edit',	'invoice',	706,	1,	's:106:\"a:4:{s:6:\"module\";s:8:\"invoices\";s:10:\"controller\";s:5:\"index\";s:6:\"action\";s:3:\"new\";s:2:\"id\";s:3:\"706\";}\";',	'2012-11-21 06:07:59'),
(2917,	'view',	'invoice',	706,	1,	's:130:\"a:5:{s:6:\"module\";s:8:\"invoices\";s:10:\"controller\";s:5:\"index\";s:6:\"action\";s:4:\"view\";s:2:\"id\";s:3:\"706\";s:8:\"download\";s:1:\"1\";}\";',	'2012-11-21 06:08:22'),
(2918,	'pdf',	'invoice',	706,	1,	's:106:\"a:4:{s:6:\"module\";s:8:\"invoices\";s:10:\"controller\";s:5:\"index\";s:6:\"action\";s:3:\"pdf\";s:2:\"id\";s:3:\"706\";}\";',	'2012-11-21 06:08:23'),
(2919,	'index',	'offer',	NULL,	1,	's:106:\"a:4:{s:6:\"module\";s:6:\"offers\";s:10:\"controller\";s:5:\"index\";s:6:\"action\";s:5:\"index\";s:8:\"proforma\";i:1;}\";',	'2012-11-21 06:08:34'),
(2920,	'new',	'offer',	707,	1,	's:104:\"a:4:{s:6:\"module\";s:6:\"offers\";s:10:\"controller\";s:5:\"index\";s:6:\"action\";s:3:\"new\";s:8:\"proforma\";i:1;}\";',	'2012-11-21 06:08:40'),
(2921,	'edit',	'offer',	707,	1,	's:124:\"a:5:{s:6:\"module\";s:6:\"offers\";s:10:\"controller\";s:5:\"index\";s:6:\"action\";s:4:\"edit\";s:2:\"id\";s:3:\"707\";s:8:\"proforma\";i:1;}\";',	'2012-11-21 06:08:40'),
(2922,	'index',	'offer',	NULL,	1,	's:106:\"a:4:{s:6:\"module\";s:6:\"offers\";s:10:\"controller\";s:5:\"index\";s:6:\"action\";s:5:\"index\";s:8:\"proforma\";i:1;}\";',	'2012-11-21 06:08:59'),
(2923,	'new',	'offer',	708,	1,	's:104:\"a:4:{s:6:\"module\";s:6:\"offers\";s:10:\"controller\";s:5:\"index\";s:6:\"action\";s:3:\"new\";s:8:\"proforma\";i:1;}\";',	'2012-11-21 06:09:06'),
(2924,	'edit',	'offer',	708,	1,	's:124:\"a:5:{s:6:\"module\";s:6:\"offers\";s:10:\"controller\";s:5:\"index\";s:6:\"action\";s:4:\"edit\";s:2:\"id\";s:3:\"708\";s:8:\"proforma\";i:1;}\";',	'2012-11-21 06:09:06'),
(2925,	'view',	'offer',	708,	1,	's:147:\"a:6:{s:6:\"module\";s:6:\"offers\";s:10:\"controller\";s:5:\"index\";s:6:\"action\";s:4:\"view\";s:2:\"id\";s:3:\"708\";s:8:\"proforma\";i:1;s:8:\"download\";s:1:\"1\";}\";',	'2012-11-21 06:09:21'),
(2926,	'pdf',	'offer',	708,	1,	's:106:\"a:4:{s:6:\"module\";s:8:\"invoices\";s:10:\"controller\";s:5:\"index\";s:6:\"action\";s:3:\"pdf\";s:2:\"id\";s:3:\"708\";}\";',	'2012-11-21 06:09:22'),
(2927,	'index',	'offer',	NULL,	1,	's:106:\"a:4:{s:6:\"module\";s:6:\"offers\";s:10:\"controller\";s:5:\"index\";s:6:\"action\";s:5:\"index\";s:8:\"proforma\";i:1;}\";',	'2012-11-21 06:09:29'),
(2928,	'duplicate',	'offer',	708,	1,	's:134:\"a:4:{s:6:\"module\";s:8:\"invoices\";s:10:\"controller\";s:5:\"index\";s:6:\"action\";s:14:\"bulk-duplicate\";s:8:\"invoices\";a:1:{i:0;s:3:\"708\";}}\";',	'2012-11-21 06:09:49'),
(2929,	'index',	'offer',	NULL,	1,	's:106:\"a:4:{s:6:\"module\";s:6:\"offers\";s:10:\"controller\";s:5:\"index\";s:6:\"action\";s:5:\"index\";s:8:\"proforma\";i:1;}\";',	'2012-11-21 06:09:49'),
(2930,	'edit',	'offer',	709,	1,	's:123:\"a:5:{s:6:\"module\";s:6:\"offers\";s:10:\"controller\";s:5:\"index\";s:6:\"action\";s:3:\"new\";s:2:\"id\";s:3:\"709\";s:8:\"proforma\";i:1;}\";',	'2012-11-21 06:09:52'),
(2931,	'view',	'offer',	709,	1,	's:147:\"a:6:{s:6:\"module\";s:6:\"offers\";s:10:\"controller\";s:5:\"index\";s:6:\"action\";s:4:\"view\";s:2:\"id\";s:3:\"709\";s:8:\"proforma\";i:1;s:8:\"download\";s:1:\"1\";}\";',	'2012-11-21 06:09:58'),
(2932,	'pdf',	'offer',	709,	1,	's:106:\"a:4:{s:6:\"module\";s:8:\"invoices\";s:10:\"controller\";s:5:\"index\";s:6:\"action\";s:3:\"pdf\";s:2:\"id\";s:3:\"709\";}\";',	'2012-11-21 06:09:59'),
(2933,	'proforma-status',	'offer',	709,	1,	's:147:\"a:5:{s:6:\"module\";s:8:\"invoices\";s:10:\"controller\";s:5:\"index\";s:6:\"action\";s:15:\"proforma-status\";s:6:\"status\";s:8:\"accepted\";s:2:\"id\";s:3:\"709\";}\";',	'2012-11-21 06:10:04'),
(2934,	'proforma-status',	'offer',	709,	1,	's:146:\"a:5:{s:6:\"module\";s:8:\"invoices\";s:10:\"controller\";s:5:\"index\";s:6:\"action\";s:15:\"proforma-status\";s:6:\"status\";s:7:\"invoice\";s:2:\"id\";s:3:\"709\";}\";',	'2012-11-21 06:10:06'),
(2935,	'index',	'offer',	NULL,	1,	's:106:\"a:4:{s:6:\"module\";s:6:\"offers\";s:10:\"controller\";s:5:\"index\";s:6:\"action\";s:5:\"index\";s:8:\"proforma\";i:1;}\";',	'2012-11-21 06:10:10'),
(2936,	'index',	'purchase',	NULL,	1,	's:90:\"a:3:{s:6:\"module\";s:9:\"purchases\";s:10:\"controller\";s:5:\"index\";s:6:\"action\";s:5:\"index\";}\";',	'2012-11-21 06:10:17'),
(2937,	'index',	'purchase',	NULL,	1,	's:90:\"a:3:{s:6:\"module\";s:9:\"purchases\";s:10:\"controller\";s:5:\"index\";s:6:\"action\";s:5:\"index\";}\";',	'2012-11-21 06:10:52'),
(2938,	'new',	'purchase',	78,	1,	's:89:\"a:3:{s:6:\"module\";s:9:\"purchases\";s:10:\"controller\";s:5:\"index\";s:6:\"action\";s:4:\"view\";}\";',	'2012-11-21 06:10:54'),
(2939,	'edit',	'purchase',	78,	1,	's:122:\"a:5:{s:6:\"module\";s:9:\"purchases\";s:10:\"controller\";s:5:\"index\";s:6:\"action\";s:4:\"edit\";s:2:\"id\";s:2:\"78\";s:4:\"edit\";i:1;}\";',	'2012-11-21 06:10:54'),
(2940,	'payment',	'purchase',	78,	1,	's:285:\"a:5:{s:6:\"module\";s:9:\"purchases\";s:10:\"controller\";s:5:\"index\";s:6:\"action\";s:20:\"purchase-payment-pay\";s:8:\"purchase\";a:1:{s:2:\"id\";s:2:\"78\";}s:7:\"payment\";a:4:{s:11:\"purchase_id\";s:2:\"78\";s:6:\"amount\";s:5:\"25.41\";s:9:\"paid_time\";s:10:\"21-11-2012\";s:14:\"payment_method\";s:4:\"bank\";}}\";',	'2012-11-21 06:11:17'),
(2941,	'edit',	'purchase',	78,	1,	's:122:\"a:5:{s:6:\"module\";s:9:\"purchases\";s:10:\"controller\";s:5:\"index\";s:6:\"action\";s:4:\"edit\";s:2:\"id\";s:2:\"78\";s:4:\"edit\";i:1;}\";',	'2012-11-21 06:11:19'),
(2942,	'add-attachment',	'purchase',	78,	1,	's:137:\"a:5:{s:6:\"module\";s:9:\"purchases\";s:10:\"controller\";s:5:\"index\";s:6:\"action\";s:14:\"add-attachment\";s:2:\"id\";s:2:\"78\";s:4:\"edit\";s:1:\"1\";}\";',	'2012-11-21 06:11:36'),
(2943,	'edit',	'purchase',	78,	1,	's:122:\"a:5:{s:6:\"module\";s:9:\"purchases\";s:10:\"controller\";s:5:\"index\";s:6:\"action\";s:4:\"edit\";s:2:\"id\";s:2:\"78\";s:4:\"edit\";i:1;}\";',	'2012-11-21 06:11:36'),
(2944,	'index',	'purchase',	NULL,	1,	's:90:\"a:3:{s:6:\"module\";s:9:\"purchases\";s:10:\"controller\";s:5:\"index\";s:6:\"action\";s:5:\"index\";}\";',	'2012-11-21 06:11:53'),
(2945,	'new',	'purchase',	79,	1,	's:89:\"a:3:{s:6:\"module\";s:9:\"purchases\";s:10:\"controller\";s:5:\"index\";s:6:\"action\";s:4:\"view\";}\";',	'2012-11-21 06:11:55'),
(2946,	'edit',	'purchase',	79,	1,	's:122:\"a:5:{s:6:\"module\";s:9:\"purchases\";s:10:\"controller\";s:5:\"index\";s:6:\"action\";s:4:\"edit\";s:2:\"id\";s:2:\"79\";s:4:\"edit\";i:1;}\";',	'2012-11-21 06:11:55'),
(2947,	'index',	'purchase',	NULL,	1,	's:90:\"a:3:{s:6:\"module\";s:9:\"purchases\";s:10:\"controller\";s:5:\"index\";s:6:\"action\";s:5:\"index\";}\";',	'2012-11-21 06:12:08'),
(2948,	'index',	'stock',	NULL,	1,	's:86:\"a:3:{s:6:\"module\";s:5:\"stock\";s:10:\"controller\";s:5:\"index\";s:6:\"action\";s:5:\"index\";}\";',	'2012-11-21 06:12:12'),
(2949,	'index',	'contact',	NULL,	1,	's:89:\"a:3:{s:6:\"module\";s:8:\"contacts\";s:10:\"controller\";s:5:\"index\";s:6:\"action\";s:5:\"index\";}\";',	'2012-11-21 06:12:27'),
(2950,	'view',	'contact',	64,	1,	's:115:\"a:4:{s:6:\"module\";s:8:\"contacts\";s:10:\"controller\";s:5:\"index\";s:6:\"action\";s:12:\"view-contact\";s:2:\"id\";s:2:\"64\";}\";',	'2012-11-21 06:12:31'),
(2951,	'edit',	'contact',	64,	1,	's:1161:\"a:5:{s:6:\"module\";s:8:\"contacts\";s:10:\"controller\";s:5:\"index\";s:6:\"action\";s:12:\"save-contact\";s:7:\"contact\";a:22:{s:2:\"id\";s:2:\"64\";s:9:\"firstname\";s:7:\"Anatoli\";s:8:\"lastname\";s:6:\"Vladev\";s:12:\"company_name\";s:8:\"Core Ltd\";s:10:\"vat_number\";s:11:\"BG123123124\";s:7:\"address\";s:16:\"Tzar Osvoboditel\";s:8:\"postcode\";s:4:\"9700\";s:4:\"city\";s:6:\"Shumen\";s:7:\"country\";s:8:\"Bulgaria\";s:18:\"delivery_firstname\";s:0:\"\";s:17:\"delivery_lastname\";s:0:\"\";s:16:\"delivery_address\";s:0:\"\";s:17:\"delivery_postcode\";s:0:\"\";s:13:\"delivery_city\";s:0:\"\";s:16:\"delivery_country\";s:0:\"\";s:13:\"email_address\";s:17:\"avladev@gmail.com\";s:6:\"phone1\";s:17:\"+359 883 54 08 24\";s:6:\"phone2\";s:0:\"\";s:9:\"cellphone\";s:0:\"\";s:14:\"contact_person\";s:0:\"\";s:4:\"role\";s:4:\"Boss\";s:4:\"info\";s:0:\"\";}s:4:\"days\";a:7:{i:0;a:4:{i:0;s:0:\"\";i:1;s:0:\"\";i:2;s:0:\"\";i:3;s:0:\"\";}i:1;a:4:{i:0;s:0:\"\";i:1;s:0:\"\";i:2;s:0:\"\";i:3;s:0:\"\";}i:2;a:4:{i:0;s:0:\"\";i:1;s:0:\"\";i:2;s:0:\"\";i:3;s:0:\"\";}i:3;a:4:{i:0;s:0:\"\";i:1;s:0:\"\";i:2;s:0:\"\";i:3;s:0:\"\";}i:4;a:4:{i:0;s:0:\"\";i:1;s:0:\"\";i:2;s:0:\"\";i:3;s:0:\"\";}i:5;a:4:{i:0;s:0:\"\";i:1;s:0:\"\";i:2;s:0:\"\";i:3;s:0:\"\";}i:6;a:4:{i:0;s:0:\"\";i:1;s:0:\"\";i:2;s:0:\"\";i:3;s:0:\"\";}}}\";',	'2012-11-21 06:12:45'),
(2952,	'view',	'contact',	64,	1,	's:115:\"a:4:{s:6:\"module\";s:8:\"contacts\";s:10:\"controller\";s:5:\"index\";s:6:\"action\";s:12:\"view-contact\";s:2:\"id\";s:2:\"64\";}\";',	'2012-11-21 06:12:45'),
(2953,	'index',	'employee',	NULL,	1,	's:90:\"a:3:{s:6:\"module\";s:9:\"employees\";s:10:\"controller\";s:5:\"index\";s:6:\"action\";s:5:\"index\";}\";',	'2012-11-21 06:12:49'),
(2954,	'view',	'employee',	1,	1,	's:116:\"a:4:{s:6:\"module\";s:9:\"employees\";s:10:\"controller\";s:5:\"index\";s:6:\"action\";s:13:\"view-employee\";s:2:\"id\";s:1:\"1\";}\";',	'2012-11-21 06:12:52'),
(2955,	'edit',	'employee',	1,	1,	's:1009:\"a:7:{s:6:\"module\";s:9:\"employees\";s:10:\"controller\";s:5:\"index\";s:6:\"action\";s:13:\"save-employee\";s:8:\"employee\";a:11:{s:2:\"id\";s:1:\"1\";s:9:\"firstname\";s:7:\"Anatoli\";s:8:\"lastname\";s:6:\"Vladev\";s:7:\"address\";s:19:\"Tzar osvoboditel 53\";s:8:\"postcode\";s:4:\"9700\";s:4:\"city\";s:6:\"Shumen\";s:7:\"country\";s:8:\"Bulgaria\";s:13:\"email_address\";s:17:\"avladev@gmail.com\";s:5:\"phone\";s:17:\"+359 883 54 08 24\";s:4:\"role\";s:14:\"Office manager\";s:8:\"username\";s:7:\"avladev\";}s:9:\"password1\";s:0:\"\";s:9:\"password2\";s:0:\"\";s:6:\"rights\";a:35:{i:23;s:2:\"on\";i:20;s:2:\"on\";i:21;s:2:\"on\";i:22;s:2:\"on\";i:24;s:2:\"on\";i:25;s:2:\"on\";i:26;s:2:\"on\";i:30;s:2:\"on\";i:31;s:2:\"on\";i:32;s:2:\"on\";i:2;s:2:\"on\";i:3;s:2:\"on\";i:4;s:2:\"on\";i:33;s:2:\"on\";i:34;s:2:\"on\";i:5;s:2:\"on\";i:6;s:2:\"on\";i:7;s:2:\"on\";i:8;s:2:\"on\";i:9;s:2:\"on\";i:10;s:2:\"on\";i:35;s:2:\"on\";i:27;s:2:\"on\";i:28;s:2:\"on\";i:11;s:2:\"on\";i:12;s:2:\"on\";i:13;s:2:\"on\";i:18;s:2:\"on\";i:19;s:2:\"on\";i:14;s:2:\"on\";i:16;s:2:\"on\";i:17;s:2:\"on\";i:37;s:2:\"on\";i:38;s:2:\"on\";i:39;s:2:\"on\";}}\";',	'2012-11-21 06:13:04'),
(2956,	'view',	'employee',	1,	1,	's:116:\"a:4:{s:6:\"module\";s:9:\"employees\";s:10:\"controller\";s:5:\"index\";s:6:\"action\";s:13:\"view-employee\";s:2:\"id\";s:1:\"1\";}\";',	'2012-11-21 06:13:04'),
(2957,	'view',	'employee',	2,	1,	's:116:\"a:4:{s:6:\"module\";s:9:\"employees\";s:10:\"controller\";s:5:\"index\";s:6:\"action\";s:13:\"view-employee\";s:2:\"id\";s:1:\"2\";}\";',	'2012-11-21 06:13:10'),
(2958,	'edit',	'employee',	2,	1,	's:918:\"a:7:{s:6:\"module\";s:9:\"employees\";s:10:\"controller\";s:5:\"index\";s:6:\"action\";s:13:\"save-employee\";s:8:\"employee\";a:11:{s:2:\"id\";s:1:\"2\";s:9:\"firstname\";s:4:\"Demo\";s:8:\"lastname\";s:4:\"Demo\";s:7:\"address\";s:0:\"\";s:8:\"postcode\";s:0:\"\";s:4:\"city\";s:0:\"\";s:7:\"country\";s:0:\"\";s:13:\"email_address\";s:0:\"\";s:5:\"phone\";s:0:\"\";s:4:\"role\";s:6:\"Driver\";s:8:\"username\";s:4:\"demo\";}s:9:\"password1\";s:0:\"\";s:9:\"password2\";s:0:\"\";s:6:\"rights\";a:35:{i:23;s:2:\"on\";i:20;s:2:\"on\";i:21;s:2:\"on\";i:22;s:2:\"on\";i:24;s:2:\"on\";i:25;s:2:\"on\";i:26;s:2:\"on\";i:30;s:2:\"on\";i:31;s:2:\"on\";i:32;s:2:\"on\";i:2;s:2:\"on\";i:3;s:2:\"on\";i:4;s:2:\"on\";i:33;s:2:\"on\";i:34;s:2:\"on\";i:5;s:2:\"on\";i:6;s:2:\"on\";i:7;s:2:\"on\";i:8;s:2:\"on\";i:9;s:2:\"on\";i:10;s:2:\"on\";i:35;s:2:\"on\";i:27;s:2:\"on\";i:28;s:2:\"on\";i:11;s:2:\"on\";i:12;s:2:\"on\";i:13;s:2:\"on\";i:18;s:2:\"on\";i:19;s:2:\"on\";i:14;s:2:\"on\";i:16;s:2:\"on\";i:17;s:2:\"on\";i:37;s:2:\"on\";i:38;s:2:\"on\";i:39;s:2:\"on\";}}\";',	'2012-11-21 06:13:29'),
(2959,	'view',	'employee',	2,	1,	's:116:\"a:4:{s:6:\"module\";s:9:\"employees\";s:10:\"controller\";s:5:\"index\";s:6:\"action\";s:13:\"view-employee\";s:2:\"id\";s:1:\"2\";}\";',	'2012-11-21 06:13:29'),
(2960,	'index',	'contact',	NULL,	1,	's:89:\"a:3:{s:6:\"module\";s:8:\"contacts\";s:10:\"controller\";s:5:\"index\";s:6:\"action\";s:5:\"index\";}\";',	'2012-11-21 06:13:35'),
(2961,	'view',	'contact',	76,	1,	's:115:\"a:4:{s:6:\"module\";s:8:\"contacts\";s:10:\"controller\";s:5:\"index\";s:6:\"action\";s:12:\"view-contact\";s:2:\"id\";s:2:\"76\";}\";',	'2012-11-21 06:13:37'),
(2962,	'edit',	'contact',	76,	1,	's:1214:\"a:5:{s:6:\"module\";s:8:\"contacts\";s:10:\"controller\";s:5:\"index\";s:6:\"action\";s:12:\"save-contact\";s:7:\"contact\";a:22:{s:2:\"id\";s:2:\"76\";s:9:\"firstname\";s:4:\"John\";s:8:\"lastname\";s:3:\"Doe\";s:12:\"company_name\";s:9:\"Microsoft\";s:10:\"vat_number\";s:0:\"\";s:7:\"address\";s:11:\"Wall Street\";s:8:\"postcode\";s:8:\"NY 10005\";s:4:\"city\";s:8:\"New York\";s:7:\"country\";s:3:\"USA\";s:18:\"delivery_firstname\";s:0:\"\";s:17:\"delivery_lastname\";s:0:\"\";s:16:\"delivery_address\";s:0:\"\";s:17:\"delivery_postcode\";s:0:\"\";s:13:\"delivery_city\";s:0:\"\";s:16:\"delivery_country\";s:0:\"\";s:13:\"email_address\";s:14:\"john@dummy.com\";s:6:\"phone1\";s:14:\"(212) 742-8107\";s:6:\"phone2\";s:0:\"\";s:9:\"cellphone\";s:0:\"\";s:14:\"contact_person\";s:0:\"\";s:4:\"role\";s:7:\"Manager\";s:4:\"info\";s:46:\"<br><br><strike><u><b><i></i></b></u></strike>\";}s:4:\"days\";a:7:{i:0;a:4:{i:0;s:5:\"09:00\";i:1;s:5:\"12:00\";i:2;s:0:\"\";i:3;s:0:\"\";}i:1;a:4:{i:0;s:0:\"\";i:1;s:0:\"\";i:2;s:0:\"\";i:3;s:0:\"\";}i:2;a:4:{i:0;s:5:\"09:12\";i:1;s:5:\"12:00\";i:2;s:5:\"13:00\";i:3;s:5:\"19:00\";}i:3;a:4:{i:0;s:0:\"\";i:1;s:0:\"\";i:2;s:0:\"\";i:3;s:0:\"\";}i:4;a:4:{i:0;s:0:\"\";i:1;s:0:\"\";i:2;s:0:\"\";i:3;s:0:\"\";}i:5;a:4:{i:0;s:0:\"\";i:1;s:0:\"\";i:2;s:0:\"\";i:3;s:0:\"\";}i:6;a:4:{i:0;s:0:\"\";i:1;s:0:\"\";i:2;s:0:\"\";i:3;s:0:\"\";}}}\";',	'2012-11-21 06:13:51'),
(2963,	'view',	'contact',	76,	1,	's:115:\"a:4:{s:6:\"module\";s:8:\"contacts\";s:10:\"controller\";s:5:\"index\";s:6:\"action\";s:12:\"view-contact\";s:2:\"id\";s:2:\"76\";}\";',	'2012-11-21 06:13:51'),
(2964,	'view',	'contact',	85,	1,	's:115:\"a:4:{s:6:\"module\";s:8:\"contacts\";s:10:\"controller\";s:5:\"index\";s:6:\"action\";s:12:\"view-contact\";s:2:\"id\";s:2:\"85\";}\";',	'2012-11-21 06:13:54'),
(2965,	'edit',	'contact',	85,	1,	's:1112:\"a:5:{s:6:\"module\";s:8:\"contacts\";s:10:\"controller\";s:5:\"index\";s:6:\"action\";s:12:\"save-contact\";s:7:\"contact\";a:22:{s:2:\"id\";s:2:\"85\";s:9:\"firstname\";s:4:\"Ivan\";s:8:\"lastname\";s:6:\"Ivanov\";s:12:\"company_name\";s:11:\"City Scrape\";s:10:\"vat_number\";s:0:\"\";s:7:\"address\";s:18:\"Veliki Preslav 153\";s:8:\"postcode\";s:4:\"9700\";s:4:\"city\";s:6:\"Shumen\";s:7:\"country\";s:8:\"Bulgaria\";s:18:\"delivery_firstname\";s:0:\"\";s:17:\"delivery_lastname\";s:0:\"\";s:16:\"delivery_address\";s:0:\"\";s:17:\"delivery_postcode\";s:0:\"\";s:13:\"delivery_city\";s:0:\"\";s:16:\"delivery_country\";s:0:\"\";s:13:\"email_address\";s:0:\"\";s:6:\"phone1\";s:0:\"\";s:6:\"phone2\";s:0:\"\";s:9:\"cellphone\";s:0:\"\";s:14:\"contact_person\";s:0:\"\";s:4:\"role\";s:0:\"\";s:4:\"info\";s:0:\"\";}s:4:\"days\";a:7:{i:0;a:4:{i:0;s:0:\"\";i:1;s:0:\"\";i:2;s:0:\"\";i:3;s:0:\"\";}i:1;a:4:{i:0;s:0:\"\";i:1;s:0:\"\";i:2;s:0:\"\";i:3;s:0:\"\";}i:2;a:4:{i:0;s:0:\"\";i:1;s:0:\"\";i:2;s:0:\"\";i:3;s:0:\"\";}i:3;a:4:{i:0;s:0:\"\";i:1;s:0:\"\";i:2;s:0:\"\";i:3;s:0:\"\";}i:4;a:4:{i:0;s:0:\"\";i:1;s:0:\"\";i:2;s:0:\"\";i:3;s:0:\"\";}i:5;a:4:{i:0;s:0:\"\";i:1;s:0:\"\";i:2;s:0:\"\";i:3;s:0:\"\";}i:6;a:4:{i:0;s:0:\"\";i:1;s:0:\"\";i:2;s:0:\"\";i:3;s:0:\"\";}}}\";',	'2012-11-21 06:14:37'),
(2966,	'view',	'contact',	85,	1,	's:115:\"a:4:{s:6:\"module\";s:8:\"contacts\";s:10:\"controller\";s:5:\"index\";s:6:\"action\";s:12:\"view-contact\";s:2:\"id\";s:2:\"85\";}\";',	'2012-11-21 06:14:37'),
(2967,	'index',	'employee',	NULL,	1,	's:90:\"a:3:{s:6:\"module\";s:9:\"employees\";s:10:\"controller\";s:5:\"index\";s:6:\"action\";s:5:\"index\";}\";',	'2012-11-21 06:14:42'),
(2968,	'index',	'wholesaler',	NULL,	1,	's:93:\"a:3:{s:6:\"module\";s:11:\"wholesalers\";s:10:\"controller\";s:5:\"index\";s:6:\"action\";s:5:\"index\";}\";',	'2012-11-21 06:14:44'),
(2969,	'index',	'invoice',	NULL,	1,	's:89:\"a:3:{s:6:\"module\";s:8:\"invoices\";s:10:\"controller\";s:5:\"index\";s:6:\"action\";s:5:\"index\";}\";',	'2012-11-21 12:49:24'),
(2970,	'index',	'settings',	NULL,	1,	's:89:\"a:3:{s:6:\"module\";s:8:\"settings\";s:10:\"controller\";s:5:\"index\";s:6:\"action\";s:5:\"index\";}\";',	'2012-11-21 12:49:29'),
(2971,	'index',	'invoice',	NULL,	1,	's:89:\"a:3:{s:6:\"module\";s:8:\"invoices\";s:10:\"controller\";s:5:\"index\";s:6:\"action\";s:5:\"index\";}\";',	'2012-11-21 12:50:37'),
(2972,	'bulk-email',	'invoice',	NULL,	1,	's:130:\"a:4:{s:6:\"module\";s:8:\"invoices\";s:10:\"controller\";s:5:\"index\";s:6:\"action\";s:10:\"bulk-email\";s:8:\"invoices\";a:1:{i:0;s:3:\"705\";}}\";',	'2012-11-21 12:50:44'),
(2973,	'email',	'invoice',	705,	1,	's:130:\"a:4:{s:6:\"module\";s:8:\"invoices\";s:10:\"controller\";s:5:\"index\";s:6:\"action\";s:10:\"bulk-email\";s:8:\"invoices\";a:1:{i:0;s:3:\"705\";}}\";',	'2012-11-21 12:50:45'),
(2974,	'index',	'invoice',	NULL,	1,	's:89:\"a:3:{s:6:\"module\";s:8:\"invoices\";s:10:\"controller\";s:5:\"index\";s:6:\"action\";s:5:\"index\";}\";',	'2012-11-21 12:50:51'),
(2975,	'index',	'invoice',	NULL,	2,	's:89:\"a:3:{s:6:\"module\";s:8:\"invoices\";s:10:\"controller\";s:5:\"index\";s:6:\"action\";s:5:\"index\";}\";',	'2012-11-21 22:58:54'),
(2976,	'view',	'invoice',	706,	2,	's:107:\"a:4:{s:6:\"module\";s:8:\"invoices\";s:10:\"controller\";s:5:\"index\";s:6:\"action\";s:4:\"view\";s:2:\"id\";s:3:\"706\";}\";',	'2012-11-21 22:59:00'),
(2977,	'index',	'invoice',	NULL,	2,	's:89:\"a:3:{s:6:\"module\";s:8:\"invoices\";s:10:\"controller\";s:5:\"index\";s:6:\"action\";s:5:\"index\";}\";',	'2012-11-21 22:59:10'),
(2978,	'index',	'offer',	NULL,	2,	's:106:\"a:4:{s:6:\"module\";s:6:\"offers\";s:10:\"controller\";s:5:\"index\";s:6:\"action\";s:5:\"index\";s:8:\"proforma\";i:1;}\";',	'2012-11-21 22:59:12'),
(2979,	'view',	'offer',	709,	2,	's:124:\"a:5:{s:6:\"module\";s:6:\"offers\";s:10:\"controller\";s:5:\"index\";s:6:\"action\";s:4:\"view\";s:2:\"id\";s:3:\"709\";s:8:\"proforma\";i:1;}\";',	'2012-11-21 22:59:15'),
(2980,	'index',	'offer',	NULL,	2,	's:106:\"a:4:{s:6:\"module\";s:6:\"offers\";s:10:\"controller\";s:5:\"index\";s:6:\"action\";s:5:\"index\";s:8:\"proforma\";i:1;}\";',	'2012-11-21 22:59:33'),
(2981,	'view',	'offer',	709,	2,	's:124:\"a:5:{s:6:\"module\";s:6:\"offers\";s:10:\"controller\";s:5:\"index\";s:6:\"action\";s:4:\"view\";s:2:\"id\";s:3:\"709\";s:8:\"proforma\";i:1;}\";',	'2012-11-21 22:59:39'),
(2982,	'index',	'offer',	NULL,	2,	's:106:\"a:4:{s:6:\"module\";s:6:\"offers\";s:10:\"controller\";s:5:\"index\";s:6:\"action\";s:5:\"index\";s:8:\"proforma\";i:1;}\";',	'2012-11-21 22:59:48'),
(2983,	'view',	'offer',	708,	2,	's:124:\"a:5:{s:6:\"module\";s:6:\"offers\";s:10:\"controller\";s:5:\"index\";s:6:\"action\";s:4:\"view\";s:2:\"id\";s:3:\"708\";s:8:\"proforma\";i:1;}\";',	'2012-11-21 23:56:52'),
(2984,	'index',	'invoice',	NULL,	2,	's:89:\"a:3:{s:6:\"module\";s:8:\"invoices\";s:10:\"controller\";s:5:\"index\";s:6:\"action\";s:5:\"index\";}\";',	'2012-11-22 02:34:02'),
(2985,	'index',	'invoice',	NULL,	2,	's:89:\"a:3:{s:6:\"module\";s:8:\"invoices\";s:10:\"controller\";s:5:\"index\";s:6:\"action\";s:5:\"index\";}\";',	'2012-11-22 18:25:35'),
(2986,	'view',	'invoice',	706,	2,	's:107:\"a:4:{s:6:\"module\";s:8:\"invoices\";s:10:\"controller\";s:5:\"index\";s:6:\"action\";s:4:\"view\";s:2:\"id\";s:3:\"706\";}\";',	'2012-11-22 18:26:31'),
(2987,	'index',	'invoice',	NULL,	1,	's:89:\"a:3:{s:6:\"module\";s:8:\"invoices\";s:10:\"controller\";s:5:\"index\";s:6:\"action\";s:5:\"index\";}\";',	'2012-11-22 21:30:46'),
(2988,	'index',	'invoice',	NULL,	2,	's:89:\"a:3:{s:6:\"module\";s:8:\"invoices\";s:10:\"controller\";s:5:\"index\";s:6:\"action\";s:5:\"index\";}\";',	'2012-11-22 21:34:58'),
(2989,	'view',	'invoice',	705,	2,	's:107:\"a:4:{s:6:\"module\";s:8:\"invoices\";s:10:\"controller\";s:5:\"index\";s:6:\"action\";s:4:\"view\";s:2:\"id\";s:3:\"705\";}\";',	'2012-11-22 21:35:13'),
(2990,	'index',	'invoice',	NULL,	2,	's:89:\"a:3:{s:6:\"module\";s:8:\"invoices\";s:10:\"controller\";s:5:\"index\";s:6:\"action\";s:5:\"index\";}\";',	'2012-11-22 21:41:37'),
(2991,	'index',	'offer',	NULL,	2,	's:106:\"a:4:{s:6:\"module\";s:6:\"offers\";s:10:\"controller\";s:5:\"index\";s:6:\"action\";s:5:\"index\";s:8:\"proforma\";i:1;}\";',	'2012-11-22 21:41:42'),
(2992,	'edit',	'offer',	707,	2,	's:123:\"a:5:{s:6:\"module\";s:6:\"offers\";s:10:\"controller\";s:5:\"index\";s:6:\"action\";s:3:\"new\";s:2:\"id\";s:3:\"707\";s:8:\"proforma\";i:1;}\";',	'2012-11-22 21:41:46'),
(2993,	'index',	'offer',	NULL,	2,	's:106:\"a:4:{s:6:\"module\";s:6:\"offers\";s:10:\"controller\";s:5:\"index\";s:6:\"action\";s:5:\"index\";s:8:\"proforma\";i:1;}\";',	'2012-11-22 21:42:07'),
(2994,	'view',	'offer',	708,	2,	's:124:\"a:5:{s:6:\"module\";s:6:\"offers\";s:10:\"controller\";s:5:\"index\";s:6:\"action\";s:4:\"view\";s:2:\"id\";s:3:\"708\";s:8:\"proforma\";i:1;}\";',	'2012-11-22 21:42:12'),
(2995,	'index',	'offer',	NULL,	1,	's:106:\"a:4:{s:6:\"module\";s:6:\"offers\";s:10:\"controller\";s:5:\"index\";s:6:\"action\";s:5:\"index\";s:8:\"proforma\";i:1;}\";',	'2012-11-22 21:42:12'),
(2996,	'proforma-status',	'offer',	708,	2,	's:146:\"a:5:{s:6:\"module\";s:8:\"invoices\";s:10:\"controller\";s:5:\"index\";s:6:\"action\";s:15:\"proforma-status\";s:6:\"status\";s:7:\"invoice\";s:2:\"id\";s:3:\"708\";}\";',	'2012-11-22 21:42:30'),
(2997,	'view',	'offer',	709,	1,	's:124:\"a:5:{s:6:\"module\";s:6:\"offers\";s:10:\"controller\";s:5:\"index\";s:6:\"action\";s:4:\"view\";s:2:\"id\";s:3:\"709\";s:8:\"proforma\";i:1;}\";',	'2012-11-22 21:42:48'),
(2998,	'index',	'offer',	NULL,	2,	's:106:\"a:4:{s:6:\"module\";s:6:\"offers\";s:10:\"controller\";s:5:\"index\";s:6:\"action\";s:5:\"index\";s:8:\"proforma\";i:1;}\";',	'2012-11-22 21:42:59'),
(2999,	'edit',	'offer',	707,	2,	's:123:\"a:5:{s:6:\"module\";s:6:\"offers\";s:10:\"controller\";s:5:\"index\";s:6:\"action\";s:3:\"new\";s:2:\"id\";s:3:\"707\";s:8:\"proforma\";i:1;}\";',	'2012-11-22 21:43:05'),
(3000,	'proforma-status',	'offer',	707,	2,	's:146:\"a:5:{s:6:\"module\";s:8:\"invoices\";s:10:\"controller\";s:5:\"index\";s:6:\"action\";s:15:\"proforma-status\";s:6:\"status\";s:7:\"invoice\";s:2:\"id\";s:3:\"707\";}\";',	'2012-11-22 21:43:08'),
(3001,	'edit',	'offer',	707,	2,	's:123:\"a:5:{s:6:\"module\";s:6:\"offers\";s:10:\"controller\";s:5:\"index\";s:6:\"action\";s:3:\"new\";s:2:\"id\";s:3:\"707\";s:8:\"proforma\";i:1;}\";',	'2012-11-22 21:43:12'),
(3002,	'index',	'offer',	NULL,	2,	's:106:\"a:4:{s:6:\"module\";s:6:\"offers\";s:10:\"controller\";s:5:\"index\";s:6:\"action\";s:5:\"index\";s:8:\"proforma\";i:1;}\";',	'2012-11-22 21:43:15'),
(3003,	'view',	'offer',	709,	1,	's:124:\"a:5:{s:6:\"module\";s:6:\"offers\";s:10:\"controller\";s:5:\"index\";s:6:\"action\";s:4:\"view\";s:2:\"id\";s:3:\"709\";s:8:\"proforma\";i:1;}\";',	'2012-11-22 21:43:22'),
(3004,	'edit',	'offer',	707,	2,	's:123:\"a:5:{s:6:\"module\";s:6:\"offers\";s:10:\"controller\";s:5:\"index\";s:6:\"action\";s:3:\"new\";s:2:\"id\";s:3:\"707\";s:8:\"proforma\";i:1;}\";',	'2012-11-22 21:43:27'),
(3005,	'proforma-status',	'offer',	707,	2,	's:147:\"a:5:{s:6:\"module\";s:8:\"invoices\";s:10:\"controller\";s:5:\"index\";s:6:\"action\";s:15:\"proforma-status\";s:6:\"status\";s:8:\"accepted\";s:2:\"id\";s:3:\"707\";}\";',	'2012-11-22 21:43:32'),
(3006,	'edit',	'offer',	707,	2,	's:123:\"a:5:{s:6:\"module\";s:6:\"offers\";s:10:\"controller\";s:5:\"index\";s:6:\"action\";s:3:\"new\";s:2:\"id\";s:3:\"707\";s:8:\"proforma\";i:1;}\";',	'2012-11-22 21:43:35'),
(3007,	'index',	'offer',	NULL,	2,	's:106:\"a:4:{s:6:\"module\";s:6:\"offers\";s:10:\"controller\";s:5:\"index\";s:6:\"action\";s:5:\"index\";s:8:\"proforma\";i:1;}\";',	'2012-11-22 21:43:38'),
(3008,	'new',	'offer',	710,	2,	's:104:\"a:4:{s:6:\"module\";s:6:\"offers\";s:10:\"controller\";s:5:\"index\";s:6:\"action\";s:3:\"new\";s:8:\"proforma\";i:1;}\";',	'2012-11-22 21:44:20'),
(3009,	'edit',	'offer',	710,	2,	's:124:\"a:5:{s:6:\"module\";s:6:\"offers\";s:10:\"controller\";s:5:\"index\";s:6:\"action\";s:4:\"edit\";s:2:\"id\";s:3:\"710\";s:8:\"proforma\";i:1;}\";',	'2012-11-22 21:44:21'),
(3010,	'index',	'offer',	NULL,	1,	's:106:\"a:4:{s:6:\"module\";s:6:\"offers\";s:10:\"controller\";s:5:\"index\";s:6:\"action\";s:5:\"index\";s:8:\"proforma\";i:1;}\";',	'2012-11-22 21:44:58'),
(3011,	'edit',	'offer',	710,	1,	's:123:\"a:5:{s:6:\"module\";s:6:\"offers\";s:10:\"controller\";s:5:\"index\";s:6:\"action\";s:3:\"new\";s:2:\"id\";s:3:\"710\";s:8:\"proforma\";i:1;}\";',	'2012-11-22 21:45:13'),
(3012,	'view',	'offer',	710,	2,	's:147:\"a:6:{s:6:\"module\";s:6:\"offers\";s:10:\"controller\";s:5:\"index\";s:6:\"action\";s:4:\"view\";s:2:\"id\";s:3:\"710\";s:8:\"proforma\";i:1;s:8:\"download\";s:1:\"1\";}\";',	'2012-11-22 21:45:14'),
(3013,	'pdf',	'offer',	710,	2,	's:106:\"a:4:{s:6:\"module\";s:8:\"invoices\";s:10:\"controller\";s:5:\"index\";s:6:\"action\";s:3:\"pdf\";s:2:\"id\";s:3:\"710\";}\";',	'2012-11-22 21:45:16'),
(3014,	'index',	'offer',	NULL,	2,	's:106:\"a:4:{s:6:\"module\";s:6:\"offers\";s:10:\"controller\";s:5:\"index\";s:6:\"action\";s:5:\"index\";s:8:\"proforma\";i:1;}\";',	'2012-11-22 21:45:20'),
(3015,	'view',	'offer',	710,	2,	's:124:\"a:5:{s:6:\"module\";s:6:\"offers\";s:10:\"controller\";s:5:\"index\";s:6:\"action\";s:4:\"view\";s:2:\"id\";s:3:\"710\";s:8:\"proforma\";i:1;}\";',	'2012-11-22 21:45:44'),
(3016,	'proforma-status',	'offer',	710,	2,	's:146:\"a:5:{s:6:\"module\";s:8:\"invoices\";s:10:\"controller\";s:5:\"index\";s:6:\"action\";s:15:\"proforma-status\";s:6:\"status\";s:7:\"invoice\";s:2:\"id\";s:3:\"710\";}\";',	'2012-11-22 21:45:54'),
(3017,	'index',	'offer',	NULL,	2,	's:106:\"a:4:{s:6:\"module\";s:6:\"offers\";s:10:\"controller\";s:5:\"index\";s:6:\"action\";s:5:\"index\";s:8:\"proforma\";i:1;}\";',	'2012-11-22 21:45:59'),
(3018,	'index',	'invoice',	NULL,	2,	's:89:\"a:3:{s:6:\"module\";s:8:\"invoices\";s:10:\"controller\";s:5:\"index\";s:6:\"action\";s:5:\"index\";}\";',	'2012-11-22 21:46:09'),
(3019,	'index',	'offer',	NULL,	2,	's:106:\"a:4:{s:6:\"module\";s:6:\"offers\";s:10:\"controller\";s:5:\"index\";s:6:\"action\";s:5:\"index\";s:8:\"proforma\";i:1;}\";',	'2012-11-22 21:46:14'),
(3020,	'view',	'offer',	710,	2,	's:124:\"a:5:{s:6:\"module\";s:6:\"offers\";s:10:\"controller\";s:5:\"index\";s:6:\"action\";s:4:\"view\";s:2:\"id\";s:3:\"710\";s:8:\"proforma\";i:1;}\";',	'2012-11-22 21:47:00'),
(3021,	'edit',	'offer',	710,	1,	's:123:\"a:5:{s:6:\"module\";s:6:\"offers\";s:10:\"controller\";s:5:\"index\";s:6:\"action\";s:3:\"new\";s:2:\"id\";s:3:\"710\";s:8:\"proforma\";i:1;}\";',	'2012-11-22 21:49:33'),
(3022,	'new',	'offer',	711,	1,	's:104:\"a:4:{s:6:\"module\";s:6:\"offers\";s:10:\"controller\";s:5:\"index\";s:6:\"action\";s:3:\"new\";s:8:\"proforma\";i:1;}\";',	'2012-11-22 21:49:39'),
(3023,	'edit',	'offer',	711,	1,	's:124:\"a:5:{s:6:\"module\";s:6:\"offers\";s:10:\"controller\";s:5:\"index\";s:6:\"action\";s:4:\"edit\";s:2:\"id\";s:3:\"711\";s:8:\"proforma\";i:1;}\";',	'2012-11-22 21:49:39'),
(3024,	'new',	'offer',	712,	1,	's:104:\"a:4:{s:6:\"module\";s:6:\"offers\";s:10:\"controller\";s:5:\"index\";s:6:\"action\";s:3:\"new\";s:8:\"proforma\";i:1;}\";',	'2012-11-22 21:51:04'),
(3025,	'edit',	'offer',	712,	1,	's:124:\"a:5:{s:6:\"module\";s:6:\"offers\";s:10:\"controller\";s:5:\"index\";s:6:\"action\";s:4:\"edit\";s:2:\"id\";s:3:\"712\";s:8:\"proforma\";i:1;}\";',	'2012-11-22 21:51:05'),
(3026,	'index',	'offer',	NULL,	1,	's:106:\"a:4:{s:6:\"module\";s:6:\"offers\";s:10:\"controller\";s:5:\"index\";s:6:\"action\";s:5:\"index\";s:8:\"proforma\";i:1;}\";',	'2012-11-22 21:52:08'),
(3027,	'edit',	'offer',	712,	1,	's:123:\"a:5:{s:6:\"module\";s:6:\"offers\";s:10:\"controller\";s:5:\"index\";s:6:\"action\";s:3:\"new\";s:2:\"id\";s:3:\"712\";s:8:\"proforma\";i:1;}\";',	'2012-11-22 21:52:13'),
(3028,	'index',	'invoice',	NULL,	2,	's:89:\"a:3:{s:6:\"module\";s:8:\"invoices\";s:10:\"controller\";s:5:\"index\";s:6:\"action\";s:5:\"index\";}\";',	'2012-11-22 21:52:21'),
(3029,	'view',	'offer',	712,	1,	's:147:\"a:6:{s:6:\"module\";s:6:\"offers\";s:10:\"controller\";s:5:\"index\";s:6:\"action\";s:4:\"view\";s:2:\"id\";s:3:\"712\";s:8:\"proforma\";i:1;s:8:\"download\";s:1:\"1\";}\";',	'2012-11-22 21:52:22'),
(3030,	'pdf',	'offer',	712,	1,	's:106:\"a:4:{s:6:\"module\";s:8:\"invoices\";s:10:\"controller\";s:5:\"index\";s:6:\"action\";s:3:\"pdf\";s:2:\"id\";s:3:\"712\";}\";',	'2012-11-22 21:52:23'),
(3031,	'index',	'offer',	NULL,	1,	's:106:\"a:4:{s:6:\"module\";s:6:\"offers\";s:10:\"controller\";s:5:\"index\";s:6:\"action\";s:5:\"index\";s:8:\"proforma\";i:1;}\";',	'2012-11-22 21:52:24'),
(3032,	'index',	'invoice',	NULL,	1,	's:89:\"a:3:{s:6:\"module\";s:8:\"invoices\";s:10:\"controller\";s:5:\"index\";s:6:\"action\";s:5:\"index\";}\";',	'2012-11-22 21:52:29'),
(3033,	'index',	'purchase',	NULL,	1,	's:90:\"a:3:{s:6:\"module\";s:9:\"purchases\";s:10:\"controller\";s:5:\"index\";s:6:\"action\";s:5:\"index\";}\";',	'2012-11-22 21:52:38'),
(3034,	'index',	'offer',	NULL,	1,	's:106:\"a:4:{s:6:\"module\";s:6:\"offers\";s:10:\"controller\";s:5:\"index\";s:6:\"action\";s:5:\"index\";s:8:\"proforma\";i:1;}\";',	'2012-11-22 21:52:44'),
(3035,	'view',	'offer',	712,	1,	's:124:\"a:5:{s:6:\"module\";s:6:\"offers\";s:10:\"controller\";s:5:\"index\";s:6:\"action\";s:4:\"view\";s:2:\"id\";s:3:\"712\";s:8:\"proforma\";i:1;}\";',	'2012-11-22 21:52:50'),
(3036,	'new',	'offer',	713,	1,	's:104:\"a:4:{s:6:\"module\";s:6:\"offers\";s:10:\"controller\";s:5:\"index\";s:6:\"action\";s:3:\"new\";s:8:\"proforma\";i:1;}\";',	'2012-11-22 21:54:14'),
(3037,	'edit',	'offer',	713,	1,	's:124:\"a:5:{s:6:\"module\";s:6:\"offers\";s:10:\"controller\";s:5:\"index\";s:6:\"action\";s:4:\"edit\";s:2:\"id\";s:3:\"713\";s:8:\"proforma\";i:1;}\";',	'2012-11-22 21:54:14'),
(3038,	'view',	'offer',	713,	1,	's:147:\"a:6:{s:6:\"module\";s:6:\"offers\";s:10:\"controller\";s:5:\"index\";s:6:\"action\";s:4:\"view\";s:2:\"id\";s:3:\"713\";s:8:\"proforma\";i:1;s:8:\"download\";s:1:\"1\";}\";',	'2012-11-22 21:54:29'),
(3039,	'pdf',	'offer',	713,	1,	's:106:\"a:4:{s:6:\"module\";s:8:\"invoices\";s:10:\"controller\";s:5:\"index\";s:6:\"action\";s:3:\"pdf\";s:2:\"id\";s:3:\"713\";}\";',	'2012-11-22 21:54:30'),
(3040,	'new',	'offer',	714,	1,	's:104:\"a:4:{s:6:\"module\";s:6:\"offers\";s:10:\"controller\";s:5:\"index\";s:6:\"action\";s:3:\"new\";s:8:\"proforma\";i:1;}\";',	'2012-11-22 21:54:51'),
(3041,	'edit',	'offer',	714,	1,	's:124:\"a:5:{s:6:\"module\";s:6:\"offers\";s:10:\"controller\";s:5:\"index\";s:6:\"action\";s:4:\"edit\";s:2:\"id\";s:3:\"714\";s:8:\"proforma\";i:1;}\";',	'2012-11-22 21:54:51'),
(3042,	'view',	'offer',	714,	1,	's:147:\"a:6:{s:6:\"module\";s:6:\"offers\";s:10:\"controller\";s:5:\"index\";s:6:\"action\";s:4:\"view\";s:2:\"id\";s:3:\"714\";s:8:\"proforma\";i:1;s:8:\"download\";s:1:\"1\";}\";',	'2012-11-22 21:55:02'),
(3043,	'pdf',	'offer',	714,	1,	's:106:\"a:4:{s:6:\"module\";s:8:\"invoices\";s:10:\"controller\";s:5:\"index\";s:6:\"action\";s:3:\"pdf\";s:2:\"id\";s:3:\"714\";}\";',	'2012-11-22 21:55:03'),
(3044,	'new',	'offer',	715,	1,	's:104:\"a:4:{s:6:\"module\";s:6:\"offers\";s:10:\"controller\";s:5:\"index\";s:6:\"action\";s:3:\"new\";s:8:\"proforma\";i:1;}\";',	'2012-11-22 21:55:19'),
(3045,	'edit',	'offer',	715,	1,	's:124:\"a:5:{s:6:\"module\";s:6:\"offers\";s:10:\"controller\";s:5:\"index\";s:6:\"action\";s:4:\"edit\";s:2:\"id\";s:3:\"715\";s:8:\"proforma\";i:1;}\";',	'2012-11-22 21:55:19'),
(3046,	'view',	'offer',	715,	1,	's:147:\"a:6:{s:6:\"module\";s:6:\"offers\";s:10:\"controller\";s:5:\"index\";s:6:\"action\";s:4:\"view\";s:2:\"id\";s:3:\"715\";s:8:\"proforma\";i:1;s:8:\"download\";s:1:\"1\";}\";',	'2012-11-22 21:55:29'),
(3047,	'pdf',	'offer',	715,	1,	's:106:\"a:4:{s:6:\"module\";s:8:\"invoices\";s:10:\"controller\";s:5:\"index\";s:6:\"action\";s:3:\"pdf\";s:2:\"id\";s:3:\"715\";}\";',	'2012-11-22 21:55:30'),
(3048,	'view',	'offer',	715,	1,	's:147:\"a:6:{s:6:\"module\";s:6:\"offers\";s:10:\"controller\";s:5:\"index\";s:6:\"action\";s:4:\"view\";s:2:\"id\";s:3:\"715\";s:8:\"proforma\";i:1;s:8:\"download\";s:1:\"1\";}\";',	'2012-11-22 21:55:52'),
(3049,	'pdf',	'offer',	715,	1,	's:106:\"a:4:{s:6:\"module\";s:8:\"invoices\";s:10:\"controller\";s:5:\"index\";s:6:\"action\";s:3:\"pdf\";s:2:\"id\";s:3:\"715\";}\";',	'2012-11-22 21:55:53'),
(3050,	'proforma-status',	'offer',	715,	1,	's:147:\"a:5:{s:6:\"module\";s:8:\"invoices\";s:10:\"controller\";s:5:\"index\";s:6:\"action\";s:15:\"proforma-status\";s:6:\"status\";s:8:\"accepted\";s:2:\"id\";s:3:\"715\";}\";',	'2012-11-22 21:56:26'),
(3051,	'proforma-status',	'offer',	715,	1,	's:145:\"a:5:{s:6:\"module\";s:8:\"invoices\";s:10:\"controller\";s:5:\"index\";s:6:\"action\";s:15:\"proforma-status\";s:6:\"status\";s:6:\"denied\";s:2:\"id\";s:3:\"715\";}\";',	'2012-11-22 21:56:27'),
(3052,	'proforma-status',	'offer',	715,	1,	's:146:\"a:5:{s:6:\"module\";s:8:\"invoices\";s:10:\"controller\";s:5:\"index\";s:6:\"action\";s:15:\"proforma-status\";s:6:\"status\";s:7:\"invoice\";s:2:\"id\";s:3:\"715\";}\";',	'2012-11-22 21:56:28'),
(3053,	'proforma-status',	'offer',	715,	1,	's:146:\"a:5:{s:6:\"module\";s:8:\"invoices\";s:10:\"controller\";s:5:\"index\";s:6:\"action\";s:15:\"proforma-status\";s:6:\"status\";s:7:\"archive\";s:2:\"id\";s:3:\"715\";}\";',	'2012-11-22 21:56:30'),
(3054,	'view',	'offer',	715,	1,	's:147:\"a:6:{s:6:\"module\";s:6:\"offers\";s:10:\"controller\";s:5:\"index\";s:6:\"action\";s:4:\"view\";s:2:\"id\";s:3:\"715\";s:8:\"proforma\";i:1;s:8:\"download\";s:1:\"1\";}\";',	'2012-11-22 22:10:35'),
(3055,	'pdf',	'offer',	715,	1,	's:106:\"a:4:{s:6:\"module\";s:8:\"invoices\";s:10:\"controller\";s:5:\"index\";s:6:\"action\";s:3:\"pdf\";s:2:\"id\";s:3:\"715\";}\";',	'2012-11-22 22:10:36'),
(3056,	'new',	'offer',	716,	1,	's:104:\"a:4:{s:6:\"module\";s:6:\"offers\";s:10:\"controller\";s:5:\"index\";s:6:\"action\";s:3:\"new\";s:8:\"proforma\";i:1;}\";',	'2012-11-22 22:10:53'),
(3057,	'edit',	'offer',	716,	1,	's:124:\"a:5:{s:6:\"module\";s:6:\"offers\";s:10:\"controller\";s:5:\"index\";s:6:\"action\";s:4:\"edit\";s:2:\"id\";s:3:\"716\";s:8:\"proforma\";i:1;}\";',	'2012-11-22 22:10:53'),
(3058,	'view',	'offer',	716,	1,	's:147:\"a:6:{s:6:\"module\";s:6:\"offers\";s:10:\"controller\";s:5:\"index\";s:6:\"action\";s:4:\"view\";s:2:\"id\";s:3:\"716\";s:8:\"proforma\";i:1;s:8:\"download\";s:1:\"1\";}\";',	'2012-11-22 22:11:47'),
(3059,	'pdf',	'offer',	716,	1,	's:106:\"a:4:{s:6:\"module\";s:8:\"invoices\";s:10:\"controller\";s:5:\"index\";s:6:\"action\";s:3:\"pdf\";s:2:\"id\";s:3:\"716\";}\";',	'2012-11-22 22:11:48'),
(3060,	'view',	'offer',	716,	1,	's:124:\"a:5:{s:6:\"module\";s:6:\"offers\";s:10:\"controller\";s:5:\"index\";s:6:\"action\";s:4:\"view\";s:2:\"id\";s:3:\"716\";s:8:\"proforma\";i:1;}\";',	'2012-11-22 22:11:52'),
(3061,	'proforma-status',	'offer',	716,	1,	's:146:\"a:5:{s:6:\"module\";s:8:\"invoices\";s:10:\"controller\";s:5:\"index\";s:6:\"action\";s:15:\"proforma-status\";s:6:\"status\";s:7:\"invoice\";s:2:\"id\";s:3:\"716\";}\";',	'2012-11-22 22:12:04'),
(3062,	'edit',	'invoice',	717,	1,	's:107:\"a:4:{s:6:\"module\";s:8:\"invoices\";s:10:\"controller\";s:5:\"index\";s:6:\"action\";s:4:\"edit\";s:2:\"id\";s:3:\"717\";}\";',	'2012-11-22 22:12:04'),
(3063,	'view',	'offer',	716,	1,	's:124:\"a:5:{s:6:\"module\";s:6:\"offers\";s:10:\"controller\";s:5:\"index\";s:6:\"action\";s:4:\"view\";s:2:\"id\";s:3:\"716\";s:8:\"proforma\";i:1;}\";',	'2012-11-22 22:13:46'),
(3064,	'view',	'offer',	716,	1,	's:124:\"a:5:{s:6:\"module\";s:6:\"offers\";s:10:\"controller\";s:5:\"index\";s:6:\"action\";s:4:\"view\";s:2:\"id\";s:3:\"716\";s:8:\"proforma\";i:1;}\";',	'2012-11-22 22:14:13'),
(3065,	'index',	'offer',	NULL,	1,	's:106:\"a:4:{s:6:\"module\";s:6:\"offers\";s:10:\"controller\";s:5:\"index\";s:6:\"action\";s:5:\"index\";s:8:\"proforma\";i:1;}\";',	'2012-11-22 22:14:36'),
(3066,	'new',	'offer',	718,	1,	's:104:\"a:4:{s:6:\"module\";s:6:\"offers\";s:10:\"controller\";s:5:\"index\";s:6:\"action\";s:3:\"new\";s:8:\"proforma\";i:1;}\";',	'2012-11-22 22:14:37'),
(3067,	'edit',	'offer',	718,	1,	's:124:\"a:5:{s:6:\"module\";s:6:\"offers\";s:10:\"controller\";s:5:\"index\";s:6:\"action\";s:4:\"edit\";s:2:\"id\";s:3:\"718\";s:8:\"proforma\";i:1;}\";',	'2012-11-22 22:14:37'),
(3068,	'new',	'offer',	719,	1,	's:104:\"a:4:{s:6:\"module\";s:6:\"offers\";s:10:\"controller\";s:5:\"index\";s:6:\"action\";s:3:\"new\";s:8:\"proforma\";i:1;}\";',	'2012-11-22 22:14:40'),
(3069,	'edit',	'offer',	719,	1,	's:124:\"a:5:{s:6:\"module\";s:6:\"offers\";s:10:\"controller\";s:5:\"index\";s:6:\"action\";s:4:\"edit\";s:2:\"id\";s:3:\"719\";s:8:\"proforma\";i:1;}\";',	'2012-11-22 22:14:41'),
(3070,	'view',	'offer',	719,	1,	's:147:\"a:6:{s:6:\"module\";s:6:\"offers\";s:10:\"controller\";s:5:\"index\";s:6:\"action\";s:4:\"view\";s:2:\"id\";s:3:\"719\";s:8:\"proforma\";i:1;s:8:\"download\";s:1:\"1\";}\";',	'2012-11-22 22:15:25'),
(3071,	'pdf',	'offer',	719,	1,	's:106:\"a:4:{s:6:\"module\";s:8:\"invoices\";s:10:\"controller\";s:5:\"index\";s:6:\"action\";s:3:\"pdf\";s:2:\"id\";s:3:\"719\";}\";',	'2012-11-22 22:15:26'),
(3072,	'proforma-status',	'offer',	719,	1,	's:146:\"a:5:{s:6:\"module\";s:8:\"invoices\";s:10:\"controller\";s:5:\"index\";s:6:\"action\";s:15:\"proforma-status\";s:6:\"status\";s:7:\"invoice\";s:2:\"id\";s:3:\"719\";}\";',	'2012-11-22 22:15:43'),
(3073,	'proforma-status',	'offer',	719,	1,	's:146:\"a:5:{s:6:\"module\";s:8:\"invoices\";s:10:\"controller\";s:5:\"index\";s:6:\"action\";s:15:\"proforma-status\";s:6:\"status\";s:7:\"invoice\";s:2:\"id\";s:3:\"719\";}\";',	'2012-11-22 22:16:23'),
(3074,	'edit',	'invoice',	721,	1,	's:107:\"a:4:{s:6:\"module\";s:8:\"invoices\";s:10:\"controller\";s:5:\"index\";s:6:\"action\";s:4:\"edit\";s:2:\"id\";s:3:\"721\";}\";',	'2012-11-22 22:16:26'),
(3075,	'new',	'offer',	722,	1,	's:104:\"a:4:{s:6:\"module\";s:6:\"offers\";s:10:\"controller\";s:5:\"index\";s:6:\"action\";s:3:\"new\";s:8:\"proforma\";i:1;}\";',	'2012-11-22 22:16:47'),
(3076,	'edit',	'offer',	722,	1,	's:124:\"a:5:{s:6:\"module\";s:6:\"offers\";s:10:\"controller\";s:5:\"index\";s:6:\"action\";s:4:\"edit\";s:2:\"id\";s:3:\"722\";s:8:\"proforma\";i:1;}\";',	'2012-11-22 22:16:47'),
(3077,	'proforma-status',	'offer',	722,	1,	's:146:\"a:5:{s:6:\"module\";s:8:\"invoices\";s:10:\"controller\";s:5:\"index\";s:6:\"action\";s:15:\"proforma-status\";s:6:\"status\";s:7:\"invoice\";s:2:\"id\";s:3:\"722\";}\";',	'2012-11-22 22:16:57'),
(3078,	'edit',	'invoice',	723,	1,	's:107:\"a:4:{s:6:\"module\";s:8:\"invoices\";s:10:\"controller\";s:5:\"index\";s:6:\"action\";s:4:\"edit\";s:2:\"id\";s:3:\"723\";}\";',	'2012-11-22 22:16:59'),
(3079,	'index',	'invoice',	NULL,	2,	's:89:\"a:3:{s:6:\"module\";s:8:\"invoices\";s:10:\"controller\";s:5:\"index\";s:6:\"action\";s:5:\"index\";}\";',	'2012-11-22 22:17:45'),
(3080,	'index',	'offer',	NULL,	2,	's:106:\"a:4:{s:6:\"module\";s:6:\"offers\";s:10:\"controller\";s:5:\"index\";s:6:\"action\";s:5:\"index\";s:8:\"proforma\";i:1;}\";',	'2012-11-22 22:17:55'),
(3081,	'new',	'purchase',	80,	1,	's:88:\"a:3:{s:6:\"module\";s:9:\"purchases\";s:10:\"controller\";s:5:\"index\";s:6:\"action\";s:3:\"new\";}\";',	'2012-11-22 22:18:45'),
(3082,	'edit',	'purchase',	80,	1,	's:122:\"a:5:{s:6:\"module\";s:9:\"purchases\";s:10:\"controller\";s:5:\"index\";s:6:\"action\";s:4:\"edit\";s:2:\"id\";s:2:\"80\";s:4:\"edit\";i:1;}\";',	'2012-11-22 22:18:45'),
(3083,	'new',	'offer',	724,	1,	's:104:\"a:4:{s:6:\"module\";s:6:\"offers\";s:10:\"controller\";s:5:\"index\";s:6:\"action\";s:3:\"new\";s:8:\"proforma\";i:1;}\";',	'2012-11-22 22:18:50'),
(3084,	'edit',	'offer',	724,	1,	's:124:\"a:5:{s:6:\"module\";s:6:\"offers\";s:10:\"controller\";s:5:\"index\";s:6:\"action\";s:4:\"edit\";s:2:\"id\";s:3:\"724\";s:8:\"proforma\";i:1;}\";',	'2012-11-22 22:18:50'),
(3085,	'proforma-status',	'offer',	724,	1,	's:146:\"a:5:{s:6:\"module\";s:8:\"invoices\";s:10:\"controller\";s:5:\"index\";s:6:\"action\";s:15:\"proforma-status\";s:6:\"status\";s:7:\"invoice\";s:2:\"id\";s:3:\"724\";}\";',	'2012-11-22 22:19:51'),
(3086,	'edit',	'invoice',	725,	1,	's:107:\"a:4:{s:6:\"module\";s:8:\"invoices\";s:10:\"controller\";s:5:\"index\";s:6:\"action\";s:4:\"edit\";s:2:\"id\";s:3:\"725\";}\";',	'2012-11-22 22:21:17'),
(3087,	'new',	'offer',	726,	1,	's:104:\"a:4:{s:6:\"module\";s:6:\"offers\";s:10:\"controller\";s:5:\"index\";s:6:\"action\";s:3:\"new\";s:8:\"proforma\";i:1;}\";',	'2012-11-22 22:22:01'),
(3088,	'edit',	'offer',	726,	1,	's:124:\"a:5:{s:6:\"module\";s:6:\"offers\";s:10:\"controller\";s:5:\"index\";s:6:\"action\";s:4:\"edit\";s:2:\"id\";s:3:\"726\";s:8:\"proforma\";i:1;}\";',	'2012-11-22 22:22:01'),
(3089,	'proforma-status',	'offer',	726,	1,	's:146:\"a:5:{s:6:\"module\";s:8:\"invoices\";s:10:\"controller\";s:5:\"index\";s:6:\"action\";s:15:\"proforma-status\";s:6:\"status\";s:7:\"invoice\";s:2:\"id\";s:3:\"726\";}\";',	'2012-11-22 22:22:16'),
(3090,	'edit',	'invoice',	727,	1,	's:107:\"a:4:{s:6:\"module\";s:8:\"invoices\";s:10:\"controller\";s:5:\"index\";s:6:\"action\";s:4:\"edit\";s:2:\"id\";s:3:\"727\";}\";',	'2012-11-22 22:22:26'),
(3091,	'new',	'offer',	728,	1,	's:104:\"a:4:{s:6:\"module\";s:6:\"offers\";s:10:\"controller\";s:5:\"index\";s:6:\"action\";s:3:\"new\";s:8:\"proforma\";i:1;}\";',	'2012-11-22 22:22:27'),
(3092,	'edit',	'offer',	728,	1,	's:124:\"a:5:{s:6:\"module\";s:6:\"offers\";s:10:\"controller\";s:5:\"index\";s:6:\"action\";s:4:\"edit\";s:2:\"id\";s:3:\"728\";s:8:\"proforma\";i:1;}\";',	'2012-11-22 22:22:28'),
(3093,	'edit',	'offer',	728,	1,	's:124:\"a:5:{s:6:\"module\";s:6:\"offers\";s:10:\"controller\";s:5:\"index\";s:6:\"action\";s:4:\"edit\";s:2:\"id\";s:3:\"728\";s:8:\"proforma\";i:1;}\";',	'2012-11-22 22:22:33'),
(3094,	'edit',	'offer',	728,	1,	's:124:\"a:5:{s:6:\"module\";s:6:\"offers\";s:10:\"controller\";s:5:\"index\";s:6:\"action\";s:4:\"edit\";s:2:\"id\";s:3:\"728\";s:8:\"proforma\";i:1;}\";',	'2012-11-22 22:22:55'),
(3095,	'proforma-status',	'offer',	728,	1,	's:146:\"a:5:{s:6:\"module\";s:8:\"invoices\";s:10:\"controller\";s:5:\"index\";s:6:\"action\";s:15:\"proforma-status\";s:6:\"status\";s:7:\"invoice\";s:2:\"id\";s:3:\"728\";}\";',	'2012-11-22 22:23:06'),
(3096,	'edit',	'invoice',	729,	1,	's:107:\"a:4:{s:6:\"module\";s:8:\"invoices\";s:10:\"controller\";s:5:\"index\";s:6:\"action\";s:4:\"edit\";s:2:\"id\";s:3:\"729\";}\";',	'2012-11-22 22:25:12'),
(3097,	'edit',	'offer',	728,	1,	's:124:\"a:5:{s:6:\"module\";s:6:\"offers\";s:10:\"controller\";s:5:\"index\";s:6:\"action\";s:4:\"edit\";s:2:\"id\";s:3:\"728\";s:8:\"proforma\";i:1;}\";',	'2012-11-22 22:25:30'),
(3098,	'edit',	'offer',	728,	1,	's:124:\"a:5:{s:6:\"module\";s:6:\"offers\";s:10:\"controller\";s:5:\"index\";s:6:\"action\";s:4:\"edit\";s:2:\"id\";s:3:\"728\";s:8:\"proforma\";i:1;}\";',	'2012-11-22 22:26:21'),
(3099,	'edit',	'offer',	728,	1,	's:124:\"a:5:{s:6:\"module\";s:6:\"offers\";s:10:\"controller\";s:5:\"index\";s:6:\"action\";s:4:\"edit\";s:2:\"id\";s:3:\"728\";s:8:\"proforma\";i:1;}\";',	'2012-11-22 22:27:26'),
(3100,	'edit',	'offer',	728,	1,	's:124:\"a:5:{s:6:\"module\";s:6:\"offers\";s:10:\"controller\";s:5:\"index\";s:6:\"action\";s:4:\"edit\";s:2:\"id\";s:3:\"728\";s:8:\"proforma\";i:1;}\";',	'2012-11-22 22:28:07'),
(3101,	'edit',	'offer',	728,	1,	's:124:\"a:5:{s:6:\"module\";s:6:\"offers\";s:10:\"controller\";s:5:\"index\";s:6:\"action\";s:4:\"edit\";s:2:\"id\";s:3:\"728\";s:8:\"proforma\";i:1;}\";',	'2012-11-22 22:28:26'),
(3102,	'edit',	'offer',	728,	1,	's:124:\"a:5:{s:6:\"module\";s:6:\"offers\";s:10:\"controller\";s:5:\"index\";s:6:\"action\";s:4:\"edit\";s:2:\"id\";s:3:\"728\";s:8:\"proforma\";i:1;}\";',	'2012-11-22 22:31:14'),
(3103,	'edit',	'offer',	728,	1,	's:124:\"a:5:{s:6:\"module\";s:6:\"offers\";s:10:\"controller\";s:5:\"index\";s:6:\"action\";s:4:\"edit\";s:2:\"id\";s:3:\"728\";s:8:\"proforma\";i:1;}\";',	'2012-11-22 22:31:52'),
(3104,	'index',	'offer',	NULL,	2,	's:106:\"a:4:{s:6:\"module\";s:6:\"offers\";s:10:\"controller\";s:5:\"index\";s:6:\"action\";s:5:\"index\";s:8:\"proforma\";i:1;}\";',	'2012-11-22 22:32:32'),
(3105,	'new',	'offer',	730,	2,	's:104:\"a:4:{s:6:\"module\";s:6:\"offers\";s:10:\"controller\";s:5:\"index\";s:6:\"action\";s:3:\"new\";s:8:\"proforma\";i:1;}\";',	'2012-11-22 22:32:44'),
(3106,	'edit',	'offer',	730,	2,	's:124:\"a:5:{s:6:\"module\";s:6:\"offers\";s:10:\"controller\";s:5:\"index\";s:6:\"action\";s:4:\"edit\";s:2:\"id\";s:3:\"730\";s:8:\"proforma\";i:1;}\";',	'2012-11-22 22:32:44'),
(3107,	'view',	'offer',	730,	2,	's:147:\"a:6:{s:6:\"module\";s:6:\"offers\";s:10:\"controller\";s:5:\"index\";s:6:\"action\";s:4:\"view\";s:2:\"id\";s:3:\"730\";s:8:\"proforma\";i:1;s:8:\"download\";s:1:\"1\";}\";',	'2012-11-22 22:33:08'),
(3108,	'pdf',	'offer',	730,	2,	's:106:\"a:4:{s:6:\"module\";s:8:\"invoices\";s:10:\"controller\";s:5:\"index\";s:6:\"action\";s:3:\"pdf\";s:2:\"id\";s:3:\"730\";}\";',	'2012-11-22 22:33:09'),
(3109,	'proforma-status',	'offer',	730,	2,	's:146:\"a:5:{s:6:\"module\";s:8:\"invoices\";s:10:\"controller\";s:5:\"index\";s:6:\"action\";s:15:\"proforma-status\";s:6:\"status\";s:7:\"invoice\";s:2:\"id\";s:3:\"730\";}\";',	'2012-11-22 22:33:16'),
(3110,	'edit',	'invoice',	731,	2,	's:107:\"a:4:{s:6:\"module\";s:8:\"invoices\";s:10:\"controller\";s:5:\"index\";s:6:\"action\";s:4:\"edit\";s:2:\"id\";s:3:\"731\";}\";',	'2012-11-22 22:33:17'),
(3111,	'index',	'invoice',	NULL,	2,	's:89:\"a:3:{s:6:\"module\";s:8:\"invoices\";s:10:\"controller\";s:5:\"index\";s:6:\"action\";s:5:\"index\";}\";',	'2012-11-22 22:34:42'),
(3112,	'index',	'offer',	NULL,	2,	's:106:\"a:4:{s:6:\"module\";s:6:\"offers\";s:10:\"controller\";s:5:\"index\";s:6:\"action\";s:5:\"index\";s:8:\"proforma\";i:1;}\";',	'2012-11-22 22:34:51'),
(3113,	'index',	'invoice',	NULL,	1,	's:89:\"a:3:{s:6:\"module\";s:8:\"invoices\";s:10:\"controller\";s:5:\"index\";s:6:\"action\";s:5:\"index\";}\";',	'2012-11-22 23:04:04'),
(3114,	'index',	'offer',	NULL,	2,	's:106:\"a:4:{s:6:\"module\";s:6:\"offers\";s:10:\"controller\";s:5:\"index\";s:6:\"action\";s:5:\"index\";s:8:\"proforma\";i:1;}\";',	'2012-11-22 23:11:58'),
(3115,	'index',	'invoice',	NULL,	2,	's:89:\"a:3:{s:6:\"module\";s:8:\"invoices\";s:10:\"controller\";s:5:\"index\";s:6:\"action\";s:5:\"index\";}\";',	'2012-11-22 23:12:02'),
(3116,	'index',	'offer',	NULL,	2,	's:106:\"a:4:{s:6:\"module\";s:6:\"offers\";s:10:\"controller\";s:5:\"index\";s:6:\"action\";s:5:\"index\";s:8:\"proforma\";i:1;}\";',	'2012-11-22 23:12:05'),
(3117,	'index',	'offer',	NULL,	2,	's:106:\"a:4:{s:6:\"module\";s:6:\"offers\";s:10:\"controller\";s:5:\"index\";s:6:\"action\";s:5:\"index\";s:8:\"proforma\";i:1;}\";',	'2012-11-22 23:50:19'),
(3118,	'index',	'invoice',	NULL,	2,	's:89:\"a:3:{s:6:\"module\";s:8:\"invoices\";s:10:\"controller\";s:5:\"index\";s:6:\"action\";s:5:\"index\";}\";',	'2012-11-22 23:50:26'),
(3119,	'index',	'offer',	NULL,	2,	's:106:\"a:4:{s:6:\"module\";s:6:\"offers\";s:10:\"controller\";s:5:\"index\";s:6:\"action\";s:5:\"index\";s:8:\"proforma\";i:1;}\";',	'2012-11-22 23:50:37'),
(3120,	'index',	'invoice',	NULL,	2,	's:89:\"a:3:{s:6:\"module\";s:8:\"invoices\";s:10:\"controller\";s:5:\"index\";s:6:\"action\";s:5:\"index\";}\";',	'2012-11-22 23:51:20'),
(3121,	'view',	'invoice',	706,	2,	's:107:\"a:4:{s:6:\"module\";s:8:\"invoices\";s:10:\"controller\";s:5:\"index\";s:6:\"action\";s:4:\"view\";s:2:\"id\";s:3:\"706\";}\";',	'2012-11-22 23:52:53'),
(3122,	'index',	'offer',	NULL,	1,	's:106:\"a:4:{s:6:\"module\";s:6:\"offers\";s:10:\"controller\";s:5:\"index\";s:6:\"action\";s:5:\"index\";s:8:\"proforma\";i:1;}\";',	'2012-11-22 23:55:22'),
(3123,	'index',	'offer',	NULL,	1,	's:106:\"a:4:{s:6:\"module\";s:6:\"offers\";s:10:\"controller\";s:5:\"index\";s:6:\"action\";s:5:\"index\";s:8:\"proforma\";i:1;}\";',	'2012-11-22 23:57:44'),
(3124,	'index',	'offer',	NULL,	1,	's:106:\"a:4:{s:6:\"module\";s:6:\"offers\";s:10:\"controller\";s:5:\"index\";s:6:\"action\";s:5:\"index\";s:8:\"proforma\";i:1;}\";',	'2012-11-22 23:59:14'),
(3125,	'index',	'offer',	NULL,	1,	's:106:\"a:4:{s:6:\"module\";s:6:\"offers\";s:10:\"controller\";s:5:\"index\";s:6:\"action\";s:5:\"index\";s:8:\"proforma\";i:1;}\";',	'2012-11-22 23:59:59'),
(3126,	'index',	'offer',	NULL,	1,	's:106:\"a:4:{s:6:\"module\";s:6:\"offers\";s:10:\"controller\";s:5:\"index\";s:6:\"action\";s:5:\"index\";s:8:\"proforma\";i:1;}\";',	'2012-11-23 00:00:38'),
(3127,	'new',	'offer',	732,	1,	's:104:\"a:4:{s:6:\"module\";s:6:\"offers\";s:10:\"controller\";s:5:\"index\";s:6:\"action\";s:3:\"new\";s:8:\"proforma\";i:1;}\";',	'2012-11-23 00:00:41'),
(3128,	'edit',	'offer',	732,	1,	's:124:\"a:5:{s:6:\"module\";s:6:\"offers\";s:10:\"controller\";s:5:\"index\";s:6:\"action\";s:4:\"edit\";s:2:\"id\";s:3:\"732\";s:8:\"proforma\";i:1;}\";',	'2012-11-23 00:00:41'),
(3129,	'index',	'offer',	NULL,	1,	's:106:\"a:4:{s:6:\"module\";s:6:\"offers\";s:10:\"controller\";s:5:\"index\";s:6:\"action\";s:5:\"index\";s:8:\"proforma\";i:1;}\";',	'2012-11-23 00:00:51'),
(3130,	'edit',	'offer',	732,	1,	's:123:\"a:5:{s:6:\"module\";s:6:\"offers\";s:10:\"controller\";s:5:\"index\";s:6:\"action\";s:3:\"new\";s:2:\"id\";s:3:\"732\";s:8:\"proforma\";i:1;}\";',	'2012-11-23 00:00:55'),
(3131,	'view',	'offer',	732,	1,	's:147:\"a:6:{s:6:\"module\";s:6:\"offers\";s:10:\"controller\";s:5:\"index\";s:6:\"action\";s:4:\"view\";s:2:\"id\";s:3:\"732\";s:8:\"proforma\";i:1;s:8:\"download\";s:1:\"1\";}\";',	'2012-11-23 00:00:59'),
(3132,	'pdf',	'offer',	732,	1,	's:106:\"a:4:{s:6:\"module\";s:8:\"invoices\";s:10:\"controller\";s:5:\"index\";s:6:\"action\";s:3:\"pdf\";s:2:\"id\";s:3:\"732\";}\";',	'2012-11-23 00:01:01'),
(3133,	'index',	'offer',	NULL,	1,	's:106:\"a:4:{s:6:\"module\";s:6:\"offers\";s:10:\"controller\";s:5:\"index\";s:6:\"action\";s:5:\"index\";s:8:\"proforma\";i:1;}\";',	'2012-11-23 00:01:05'),
(3134,	'index',	'offer',	NULL,	1,	's:106:\"a:4:{s:6:\"module\";s:6:\"offers\";s:10:\"controller\";s:5:\"index\";s:6:\"action\";s:5:\"index\";s:8:\"proforma\";i:1;}\";',	'2012-11-23 00:01:44'),
(3135,	'view',	'offer',	732,	1,	's:124:\"a:5:{s:6:\"module\";s:6:\"offers\";s:10:\"controller\";s:5:\"index\";s:6:\"action\";s:4:\"view\";s:2:\"id\";s:3:\"732\";s:8:\"proforma\";i:1;}\";',	'2012-11-23 00:01:48'),
(3136,	'proforma-status',	'offer',	732,	1,	's:145:\"a:5:{s:6:\"module\";s:8:\"invoices\";s:10:\"controller\";s:5:\"index\";s:6:\"action\";s:15:\"proforma-status\";s:6:\"status\";s:6:\"denied\";s:2:\"id\";s:3:\"732\";}\";',	'2012-11-23 00:02:21'),
(3137,	'proforma-status',	'offer',	732,	1,	's:145:\"a:5:{s:6:\"module\";s:8:\"invoices\";s:10:\"controller\";s:5:\"index\";s:6:\"action\";s:15:\"proforma-status\";s:6:\"status\";s:6:\"denied\";s:2:\"id\";s:3:\"732\";}\";',	'2012-11-23 00:03:19'),
(3138,	'proforma-status',	'offer',	732,	1,	's:145:\"a:5:{s:6:\"module\";s:8:\"invoices\";s:10:\"controller\";s:5:\"index\";s:6:\"action\";s:15:\"proforma-status\";s:6:\"status\";s:6:\"denied\";s:2:\"id\";s:3:\"732\";}\";',	'2012-11-23 00:04:19'),
(3139,	'proforma-status',	'offer',	732,	1,	's:145:\"a:5:{s:6:\"module\";s:8:\"invoices\";s:10:\"controller\";s:5:\"index\";s:6:\"action\";s:15:\"proforma-status\";s:6:\"status\";s:6:\"denied\";s:2:\"id\";s:3:\"732\";}\";',	'2012-11-23 00:04:23'),
(3140,	'proforma-status',	'offer',	732,	1,	's:145:\"a:5:{s:6:\"module\";s:8:\"invoices\";s:10:\"controller\";s:5:\"index\";s:6:\"action\";s:15:\"proforma-status\";s:6:\"status\";s:6:\"denied\";s:2:\"id\";s:3:\"732\";}\";',	'2012-11-23 00:04:32'),
(3141,	'proforma-status',	'offer',	732,	1,	's:145:\"a:5:{s:6:\"module\";s:8:\"invoices\";s:10:\"controller\";s:5:\"index\";s:6:\"action\";s:15:\"proforma-status\";s:6:\"status\";s:6:\"denied\";s:2:\"id\";s:3:\"732\";}\";',	'2012-11-23 00:04:54'),
(3142,	'index',	'offer',	NULL,	1,	's:106:\"a:4:{s:6:\"module\";s:6:\"offers\";s:10:\"controller\";s:5:\"index\";s:6:\"action\";s:5:\"index\";s:8:\"proforma\";i:1;}\";',	'2012-11-23 00:04:56'),
(3143,	'view',	'offer',	732,	1,	's:124:\"a:5:{s:6:\"module\";s:6:\"offers\";s:10:\"controller\";s:5:\"index\";s:6:\"action\";s:4:\"view\";s:2:\"id\";s:3:\"732\";s:8:\"proforma\";i:1;}\";',	'2012-11-23 00:05:07'),
(3144,	'proforma-status',	'offer',	732,	1,	's:146:\"a:5:{s:6:\"module\";s:8:\"invoices\";s:10:\"controller\";s:5:\"index\";s:6:\"action\";s:15:\"proforma-status\";s:6:\"status\";s:7:\"archive\";s:2:\"id\";s:3:\"732\";}\";',	'2012-11-23 00:05:10'),
(3145,	'index',	'offer',	NULL,	1,	's:106:\"a:4:{s:6:\"module\";s:6:\"offers\";s:10:\"controller\";s:5:\"index\";s:6:\"action\";s:5:\"index\";s:8:\"proforma\";i:1;}\";',	'2012-11-23 00:05:14'),
(3146,	'proforma-status',	'offer',	732,	1,	's:146:\"a:5:{s:6:\"module\";s:8:\"invoices\";s:10:\"controller\";s:5:\"index\";s:6:\"action\";s:15:\"proforma-status\";s:6:\"status\";s:7:\"invoice\";s:2:\"id\";s:3:\"732\";}\";',	'2012-11-23 00:05:20'),
(3147,	'edit',	'invoice',	733,	1,	's:107:\"a:4:{s:6:\"module\";s:8:\"invoices\";s:10:\"controller\";s:5:\"index\";s:6:\"action\";s:4:\"edit\";s:2:\"id\";s:3:\"733\";}\";',	'2012-11-23 00:05:21'),
(3148,	'index',	'offer',	NULL,	1,	's:106:\"a:4:{s:6:\"module\";s:6:\"offers\";s:10:\"controller\";s:5:\"index\";s:6:\"action\";s:5:\"index\";s:8:\"proforma\";i:1;}\";',	'2012-11-23 00:05:26'),
(3149,	'view',	'offer',	732,	1,	's:124:\"a:5:{s:6:\"module\";s:6:\"offers\";s:10:\"controller\";s:5:\"index\";s:6:\"action\";s:4:\"view\";s:2:\"id\";s:3:\"732\";s:8:\"proforma\";i:1;}\";',	'2012-11-23 00:05:57'),
(3150,	'index',	'invoice',	NULL,	1,	's:89:\"a:3:{s:6:\"module\";s:8:\"invoices\";s:10:\"controller\";s:5:\"index\";s:6:\"action\";s:5:\"index\";}\";',	'2012-11-23 00:06:03'),
(3151,	'edit',	'invoice',	733,	1,	's:106:\"a:4:{s:6:\"module\";s:8:\"invoices\";s:10:\"controller\";s:5:\"index\";s:6:\"action\";s:3:\"new\";s:2:\"id\";s:3:\"733\";}\";',	'2012-11-23 00:06:05'),
(3152,	'index',	'offer',	NULL,	2,	's:106:\"a:4:{s:6:\"module\";s:6:\"offers\";s:10:\"controller\";s:5:\"index\";s:6:\"action\";s:5:\"index\";s:8:\"proforma\";i:1;}\";',	'2012-11-23 00:06:17'),
(3153,	'index',	'offer',	NULL,	2,	's:106:\"a:4:{s:6:\"module\";s:6:\"offers\";s:10:\"controller\";s:5:\"index\";s:6:\"action\";s:5:\"index\";s:8:\"proforma\";i:1;}\";',	'2012-11-23 00:06:19'),
(3154,	'index',	'offer',	NULL,	1,	's:106:\"a:4:{s:6:\"module\";s:6:\"offers\";s:10:\"controller\";s:5:\"index\";s:6:\"action\";s:5:\"index\";s:8:\"proforma\";i:1;}\";',	'2012-11-23 00:06:55'),
(3155,	'duplicate',	'offer',	732,	1,	's:134:\"a:4:{s:6:\"module\";s:8:\"invoices\";s:10:\"controller\";s:5:\"index\";s:6:\"action\";s:14:\"bulk-duplicate\";s:8:\"invoices\";a:1:{i:0;s:3:\"732\";}}\";',	'2012-11-23 00:08:53'),
(3156,	'index',	'offer',	NULL,	1,	's:106:\"a:4:{s:6:\"module\";s:6:\"offers\";s:10:\"controller\";s:5:\"index\";s:6:\"action\";s:5:\"index\";s:8:\"proforma\";i:1;}\";',	'2012-11-23 00:08:53'),
(3157,	'delete',	'offer',	734,	1,	's:131:\"a:4:{s:6:\"module\";s:8:\"invoices\";s:10:\"controller\";s:5:\"index\";s:6:\"action\";s:11:\"bulk-delete\";s:8:\"invoices\";a:1:{i:0;s:3:\"734\";}}\";',	'2012-11-23 00:09:05'),
(3158,	'index',	'offer',	NULL,	1,	's:106:\"a:4:{s:6:\"module\";s:6:\"offers\";s:10:\"controller\";s:5:\"index\";s:6:\"action\";s:5:\"index\";s:8:\"proforma\";i:1;}\";',	'2012-11-23 00:09:05'),
(3159,	'duplicate',	'offer',	732,	1,	's:134:\"a:4:{s:6:\"module\";s:8:\"invoices\";s:10:\"controller\";s:5:\"index\";s:6:\"action\";s:14:\"bulk-duplicate\";s:8:\"invoices\";a:1:{i:0;s:3:\"732\";}}\";',	'2012-11-23 00:09:37'),
(3160,	'index',	'offer',	NULL,	1,	's:106:\"a:4:{s:6:\"module\";s:6:\"offers\";s:10:\"controller\";s:5:\"index\";s:6:\"action\";s:5:\"index\";s:8:\"proforma\";i:1;}\";',	'2012-11-23 00:09:37'),
(3161,	'edit',	'offer',	735,	1,	's:123:\"a:5:{s:6:\"module\";s:6:\"offers\";s:10:\"controller\";s:5:\"index\";s:6:\"action\";s:3:\"new\";s:2:\"id\";s:3:\"735\";s:8:\"proforma\";i:1;}\";',	'2012-11-23 00:09:40'),
(3162,	'index',	'offer',	NULL,	2,	's:106:\"a:4:{s:6:\"module\";s:6:\"offers\";s:10:\"controller\";s:5:\"index\";s:6:\"action\";s:5:\"index\";s:8:\"proforma\";i:1;}\";',	'2012-11-23 00:09:41'),
(3163,	'index',	'offer',	NULL,	1,	's:106:\"a:4:{s:6:\"module\";s:6:\"offers\";s:10:\"controller\";s:5:\"index\";s:6:\"action\";s:5:\"index\";s:8:\"proforma\";i:1;}\";',	'2012-11-23 00:09:44'),
(3164,	'view',	'offer',	732,	2,	's:124:\"a:5:{s:6:\"module\";s:6:\"offers\";s:10:\"controller\";s:5:\"index\";s:6:\"action\";s:4:\"view\";s:2:\"id\";s:3:\"732\";s:8:\"proforma\";i:1;}\";',	'2012-11-23 00:09:59'),
(3165,	'edit',	'offer',	735,	1,	's:123:\"a:5:{s:6:\"module\";s:6:\"offers\";s:10:\"controller\";s:5:\"index\";s:6:\"action\";s:3:\"new\";s:2:\"id\";s:3:\"735\";s:8:\"proforma\";i:1;}\";',	'2012-11-23 00:19:53'),
(3166,	'proforma-status',	'offer',	735,	1,	's:146:\"a:5:{s:6:\"module\";s:8:\"invoices\";s:10:\"controller\";s:5:\"index\";s:6:\"action\";s:15:\"proforma-status\";s:6:\"status\";s:7:\"invoice\";s:2:\"id\";s:3:\"735\";}\";',	'2012-11-23 00:19:56'),
(3167,	'edit',	'invoice',	736,	1,	's:107:\"a:4:{s:6:\"module\";s:8:\"invoices\";s:10:\"controller\";s:5:\"index\";s:6:\"action\";s:4:\"edit\";s:2:\"id\";s:3:\"736\";}\";',	'2012-11-23 00:19:56'),
(3168,	'edit',	'offer',	735,	1,	's:123:\"a:5:{s:6:\"module\";s:6:\"offers\";s:10:\"controller\";s:5:\"index\";s:6:\"action\";s:3:\"new\";s:2:\"id\";s:3:\"735\";s:8:\"proforma\";i:1;}\";',	'2012-11-23 00:20:14'),
(3169,	'new',	'offer',	737,	1,	's:104:\"a:4:{s:6:\"module\";s:6:\"offers\";s:10:\"controller\";s:5:\"index\";s:6:\"action\";s:3:\"new\";s:8:\"proforma\";i:1;}\";',	'2012-11-23 00:21:02'),
(3170,	'edit',	'offer',	737,	1,	's:124:\"a:5:{s:6:\"module\";s:6:\"offers\";s:10:\"controller\";s:5:\"index\";s:6:\"action\";s:4:\"edit\";s:2:\"id\";s:3:\"737\";s:8:\"proforma\";i:1;}\";',	'2012-11-23 00:21:02'),
(3171,	'proforma-status',	'offer',	737,	1,	's:146:\"a:5:{s:6:\"module\";s:8:\"invoices\";s:10:\"controller\";s:5:\"index\";s:6:\"action\";s:15:\"proforma-status\";s:6:\"status\";s:7:\"invoice\";s:2:\"id\";s:3:\"737\";}\";',	'2012-11-23 00:21:13'),
(3172,	'edit',	'invoice',	738,	1,	's:107:\"a:4:{s:6:\"module\";s:8:\"invoices\";s:10:\"controller\";s:5:\"index\";s:6:\"action\";s:4:\"edit\";s:2:\"id\";s:3:\"738\";}\";',	'2012-11-23 00:21:13'),
(3173,	'edit',	'offer',	735,	1,	's:123:\"a:5:{s:6:\"module\";s:6:\"offers\";s:10:\"controller\";s:5:\"index\";s:6:\"action\";s:3:\"new\";s:2:\"id\";s:3:\"735\";s:8:\"proforma\";i:1;}\";',	'2012-11-23 00:22:12'),
(3174,	'edit',	'invoice',	733,	1,	's:107:\"a:4:{s:6:\"module\";s:8:\"invoices\";s:10:\"controller\";s:5:\"index\";s:6:\"action\";s:4:\"edit\";s:2:\"id\";s:3:\"733\";}\";',	'2012-11-23 00:22:19'),
(3175,	'edit',	'invoice',	738,	1,	's:106:\"a:4:{s:6:\"module\";s:8:\"invoices\";s:10:\"controller\";s:5:\"index\";s:6:\"action\";s:3:\"new\";s:2:\"id\";s:3:\"738\";}\";',	'2012-11-23 00:22:36'),
(3176,	'edit',	'invoice',	738,	1,	's:106:\"a:4:{s:6:\"module\";s:8:\"invoices\";s:10:\"controller\";s:5:\"index\";s:6:\"action\";s:3:\"new\";s:2:\"id\";s:3:\"738\";}\";',	'2012-11-23 00:24:23'),
(3177,	'edit',	'invoice',	738,	1,	's:106:\"a:4:{s:6:\"module\";s:8:\"invoices\";s:10:\"controller\";s:5:\"index\";s:6:\"action\";s:3:\"new\";s:2:\"id\";s:3:\"738\";}\";',	'2012-11-23 00:24:38'),
(3178,	'edit',	'invoice',	738,	1,	's:106:\"a:4:{s:6:\"module\";s:8:\"invoices\";s:10:\"controller\";s:5:\"index\";s:6:\"action\";s:3:\"new\";s:2:\"id\";s:3:\"738\";}\";',	'2012-11-23 00:24:41'),
(3179,	'edit',	'offer',	737,	1,	's:123:\"a:5:{s:6:\"module\";s:6:\"offers\";s:10:\"controller\";s:5:\"index\";s:6:\"action\";s:3:\"new\";s:2:\"id\";s:3:\"737\";s:8:\"proforma\";i:1;}\";',	'2012-11-23 00:24:45'),
(3180,	'edit',	'invoice',	738,	1,	's:106:\"a:4:{s:6:\"module\";s:8:\"invoices\";s:10:\"controller\";s:5:\"index\";s:6:\"action\";s:3:\"new\";s:2:\"id\";s:3:\"738\";}\";',	'2012-11-23 00:24:49'),
(3181,	'edit',	'offer',	737,	1,	's:123:\"a:5:{s:6:\"module\";s:6:\"offers\";s:10:\"controller\";s:5:\"index\";s:6:\"action\";s:3:\"new\";s:2:\"id\";s:3:\"737\";s:8:\"proforma\";i:1;}\";',	'2012-11-23 00:25:25'),
(3182,	'view',	'offer',	732,	2,	's:124:\"a:5:{s:6:\"module\";s:6:\"offers\";s:10:\"controller\";s:5:\"index\";s:6:\"action\";s:4:\"view\";s:2:\"id\";s:3:\"732\";s:8:\"proforma\";i:1;}\";',	'2012-11-23 00:26:03'),
(3183,	'index',	'offer',	NULL,	2,	's:106:\"a:4:{s:6:\"module\";s:6:\"offers\";s:10:\"controller\";s:5:\"index\";s:6:\"action\";s:5:\"index\";s:8:\"proforma\";i:1;}\";',	'2012-11-23 00:26:07'),
(3184,	'edit',	'offer',	737,	2,	's:123:\"a:5:{s:6:\"module\";s:6:\"offers\";s:10:\"controller\";s:5:\"index\";s:6:\"action\";s:3:\"new\";s:2:\"id\";s:3:\"737\";s:8:\"proforma\";i:1;}\";',	'2012-11-23 00:26:11'),
(3185,	'edit',	'offer',	737,	2,	's:123:\"a:5:{s:6:\"module\";s:6:\"offers\";s:10:\"controller\";s:5:\"index\";s:6:\"action\";s:3:\"new\";s:2:\"id\";s:3:\"737\";s:8:\"proforma\";i:1;}\";',	'2012-11-23 00:26:13'),
(3186,	'index',	'offer',	NULL,	2,	's:106:\"a:4:{s:6:\"module\";s:6:\"offers\";s:10:\"controller\";s:5:\"index\";s:6:\"action\";s:5:\"index\";s:8:\"proforma\";i:1;}\";',	'2012-11-23 00:26:16'),
(3187,	'new',	'offer',	739,	2,	's:104:\"a:4:{s:6:\"module\";s:6:\"offers\";s:10:\"controller\";s:5:\"index\";s:6:\"action\";s:3:\"new\";s:8:\"proforma\";i:1;}\";',	'2012-11-23 00:26:18'),
(3188,	'edit',	'offer',	739,	2,	's:124:\"a:5:{s:6:\"module\";s:6:\"offers\";s:10:\"controller\";s:5:\"index\";s:6:\"action\";s:4:\"edit\";s:2:\"id\";s:3:\"739\";s:8:\"proforma\";i:1;}\";',	'2012-11-23 00:26:19'),
(3189,	'proforma-status',	'offer',	739,	2,	's:147:\"a:5:{s:6:\"module\";s:8:\"invoices\";s:10:\"controller\";s:5:\"index\";s:6:\"action\";s:15:\"proforma-status\";s:6:\"status\";s:8:\"accepted\";s:2:\"id\";s:3:\"739\";}\";',	'2012-11-23 00:26:35'),
(3190,	'view',	'offer',	739,	2,	's:147:\"a:6:{s:6:\"module\";s:6:\"offers\";s:10:\"controller\";s:5:\"index\";s:6:\"action\";s:4:\"view\";s:2:\"id\";s:3:\"739\";s:8:\"proforma\";i:1;s:8:\"download\";s:1:\"1\";}\";',	'2012-11-23 00:26:41'),
(3191,	'pdf',	'offer',	739,	2,	's:106:\"a:4:{s:6:\"module\";s:8:\"invoices\";s:10:\"controller\";s:5:\"index\";s:6:\"action\";s:3:\"pdf\";s:2:\"id\";s:3:\"739\";}\";',	'2012-11-23 00:26:42'),
(3192,	'index',	'offer',	NULL,	2,	's:106:\"a:4:{s:6:\"module\";s:6:\"offers\";s:10:\"controller\";s:5:\"index\";s:6:\"action\";s:5:\"index\";s:8:\"proforma\";i:1;}\";',	'2012-11-23 00:26:47'),
(3193,	'view',	'offer',	739,	2,	's:124:\"a:5:{s:6:\"module\";s:6:\"offers\";s:10:\"controller\";s:5:\"index\";s:6:\"action\";s:4:\"view\";s:2:\"id\";s:3:\"739\";s:8:\"proforma\";i:1;}\";',	'2012-11-23 00:26:51'),
(3194,	'proforma-status',	'offer',	739,	2,	's:146:\"a:5:{s:6:\"module\";s:8:\"invoices\";s:10:\"controller\";s:5:\"index\";s:6:\"action\";s:15:\"proforma-status\";s:6:\"status\";s:7:\"invoice\";s:2:\"id\";s:3:\"739\";}\";',	'2012-11-23 00:26:54'),
(3195,	'edit',	'invoice',	740,	2,	's:107:\"a:4:{s:6:\"module\";s:8:\"invoices\";s:10:\"controller\";s:5:\"index\";s:6:\"action\";s:4:\"edit\";s:2:\"id\";s:3:\"740\";}\";',	'2012-11-23 00:26:54'),
(3196,	'index',	'invoice',	NULL,	2,	's:89:\"a:3:{s:6:\"module\";s:8:\"invoices\";s:10:\"controller\";s:5:\"index\";s:6:\"action\";s:5:\"index\";}\";',	'2012-11-23 00:27:27'),
(3197,	'index',	'offer',	NULL,	2,	's:106:\"a:4:{s:6:\"module\";s:6:\"offers\";s:10:\"controller\";s:5:\"index\";s:6:\"action\";s:5:\"index\";s:8:\"proforma\";i:1;}\";',	'2012-11-23 00:27:30'),
(3198,	'index',	'offer',	NULL,	1,	's:106:\"a:4:{s:6:\"module\";s:6:\"offers\";s:10:\"controller\";s:5:\"index\";s:6:\"action\";s:5:\"index\";s:8:\"proforma\";i:1;}\";',	'2012-11-23 00:27:32'),
(3199,	'view',	'offer',	739,	2,	's:124:\"a:5:{s:6:\"module\";s:6:\"offers\";s:10:\"controller\";s:5:\"index\";s:6:\"action\";s:4:\"view\";s:2:\"id\";s:3:\"739\";s:8:\"proforma\";i:1;}\";',	'2012-11-23 00:27:34'),
(3200,	'edit',	'invoice',	738,	1,	's:106:\"a:4:{s:6:\"module\";s:8:\"invoices\";s:10:\"controller\";s:5:\"index\";s:6:\"action\";s:3:\"new\";s:2:\"id\";s:3:\"738\";}\";',	'2012-11-23 00:27:36'),
(3201,	'edit',	'invoice',	738,	1,	's:106:\"a:4:{s:6:\"module\";s:8:\"invoices\";s:10:\"controller\";s:5:\"index\";s:6:\"action\";s:3:\"new\";s:2:\"id\";s:3:\"738\";}\";',	'2012-11-23 00:29:35'),
(3202,	'edit',	'invoice',	738,	1,	's:106:\"a:4:{s:6:\"module\";s:8:\"invoices\";s:10:\"controller\";s:5:\"index\";s:6:\"action\";s:3:\"new\";s:2:\"id\";s:3:\"738\";}\";',	'2012-11-23 00:30:35'),
(3203,	'view',	'offer',	739,	2,	's:124:\"a:5:{s:6:\"module\";s:6:\"offers\";s:10:\"controller\";s:5:\"index\";s:6:\"action\";s:4:\"view\";s:2:\"id\";s:3:\"739\";s:8:\"proforma\";i:1;}\";',	'2012-11-23 00:31:16'),
(3204,	'edit',	'invoice',	738,	1,	's:106:\"a:4:{s:6:\"module\";s:8:\"invoices\";s:10:\"controller\";s:5:\"index\";s:6:\"action\";s:3:\"new\";s:2:\"id\";s:3:\"738\";}\";',	'2012-11-23 00:33:18'),
(3205,	'index',	'offer',	NULL,	1,	's:106:\"a:4:{s:6:\"module\";s:6:\"offers\";s:10:\"controller\";s:5:\"index\";s:6:\"action\";s:5:\"index\";s:8:\"proforma\";i:1;}\";',	'2012-11-23 00:33:23'),
(3206,	'view',	'offer',	732,	1,	's:124:\"a:5:{s:6:\"module\";s:6:\"offers\";s:10:\"controller\";s:5:\"index\";s:6:\"action\";s:4:\"view\";s:2:\"id\";s:3:\"732\";s:8:\"proforma\";i:1;}\";',	'2012-11-23 00:33:28'),
(3207,	'view',	'invoice',	738,	1,	's:130:\"a:5:{s:6:\"module\";s:8:\"invoices\";s:10:\"controller\";s:5:\"index\";s:6:\"action\";s:4:\"view\";s:2:\"id\";s:3:\"738\";s:8:\"download\";s:1:\"1\";}\";',	'2012-11-23 00:34:01'),
(3208,	'pdf',	'invoice',	738,	1,	's:106:\"a:4:{s:6:\"module\";s:8:\"invoices\";s:10:\"controller\";s:5:\"index\";s:6:\"action\";s:3:\"pdf\";s:2:\"id\";s:3:\"738\";}\";',	'2012-11-23 00:34:02'),
(3209,	'view',	'offer',	739,	2,	's:124:\"a:5:{s:6:\"module\";s:6:\"offers\";s:10:\"controller\";s:5:\"index\";s:6:\"action\";s:4:\"view\";s:2:\"id\";s:3:\"739\";s:8:\"proforma\";i:1;}\";',	'2012-11-23 00:35:52'),
(3210,	'view',	'invoice',	738,	1,	's:130:\"a:5:{s:6:\"module\";s:8:\"invoices\";s:10:\"controller\";s:5:\"index\";s:6:\"action\";s:4:\"view\";s:2:\"id\";s:3:\"738\";s:8:\"download\";s:1:\"1\";}\";',	'2012-11-23 00:36:39'),
(3211,	'pdf',	'invoice',	738,	1,	's:106:\"a:4:{s:6:\"module\";s:8:\"invoices\";s:10:\"controller\";s:5:\"index\";s:6:\"action\";s:3:\"pdf\";s:2:\"id\";s:3:\"738\";}\";',	'2012-11-23 00:36:41'),
(3212,	'view',	'offer',	732,	1,	's:124:\"a:5:{s:6:\"module\";s:6:\"offers\";s:10:\"controller\";s:5:\"index\";s:6:\"action\";s:4:\"view\";s:2:\"id\";s:3:\"732\";s:8:\"proforma\";i:1;}\";',	'2012-11-23 00:36:46'),
(3213,	'index',	'offer',	NULL,	1,	's:106:\"a:4:{s:6:\"module\";s:6:\"offers\";s:10:\"controller\";s:5:\"index\";s:6:\"action\";s:5:\"index\";s:8:\"proforma\";i:1;}\";',	'2012-11-23 00:36:49'),
(3214,	'view',	'offer',	739,	2,	's:124:\"a:5:{s:6:\"module\";s:6:\"offers\";s:10:\"controller\";s:5:\"index\";s:6:\"action\";s:4:\"view\";s:2:\"id\";s:3:\"739\";s:8:\"proforma\";i:1;}\";',	'2012-11-23 00:37:30'),
(3215,	'index',	'offer',	NULL,	2,	's:106:\"a:4:{s:6:\"module\";s:6:\"offers\";s:10:\"controller\";s:5:\"index\";s:6:\"action\";s:5:\"index\";s:8:\"proforma\";i:1;}\";',	'2012-11-23 00:38:04'),
(3216,	'index',	'offer',	NULL,	2,	's:106:\"a:4:{s:6:\"module\";s:6:\"offers\";s:10:\"controller\";s:5:\"index\";s:6:\"action\";s:5:\"index\";s:8:\"proforma\";i:1;}\";',	'2012-11-23 00:38:08'),
(3217,	'view',	'offer',	739,	2,	's:124:\"a:5:{s:6:\"module\";s:6:\"offers\";s:10:\"controller\";s:5:\"index\";s:6:\"action\";s:4:\"view\";s:2:\"id\";s:3:\"739\";s:8:\"proforma\";i:1;}\";',	'2012-11-23 00:38:11'),
(3218,	'annex',	'offer',	741,	1,	's:149:\"a:5:{s:6:\"module\";s:8:\"invoices\";s:10:\"controller\";s:5:\"index\";s:6:\"action\";s:20:\"create-annex-invoice\";s:8:\"proforma\";s:1:\"1\";s:7:\"invoice\";s:0:\"\";}\";',	'2012-11-23 00:38:40'),
(3219,	'edit',	'offer',	741,	1,	's:123:\"a:5:{s:6:\"module\";s:6:\"offers\";s:10:\"controller\";s:5:\"index\";s:6:\"action\";s:3:\"new\";s:2:\"id\";s:3:\"741\";s:8:\"proforma\";i:1;}\";',	'2012-11-23 00:38:40'),
(3220,	'edit',	'offer',	741,	1,	's:123:\"a:5:{s:6:\"module\";s:6:\"offers\";s:10:\"controller\";s:5:\"index\";s:6:\"action\";s:3:\"new\";s:2:\"id\";s:3:\"741\";s:8:\"proforma\";i:1;}\";',	'2012-11-23 00:40:43'),
(3221,	'index',	'offer',	NULL,	1,	's:106:\"a:4:{s:6:\"module\";s:6:\"offers\";s:10:\"controller\";s:5:\"index\";s:6:\"action\";s:5:\"index\";s:8:\"proforma\";i:1;}\";',	'2012-11-23 00:40:49'),
(3222,	'annex',	'offer',	742,	1,	's:149:\"a:5:{s:6:\"module\";s:8:\"invoices\";s:10:\"controller\";s:5:\"index\";s:6:\"action\";s:20:\"create-annex-invoice\";s:8:\"proforma\";s:1:\"1\";s:7:\"invoice\";s:0:\"\";}\";',	'2012-11-23 00:41:03'),
(3223,	'edit',	'offer',	742,	1,	's:123:\"a:5:{s:6:\"module\";s:6:\"offers\";s:10:\"controller\";s:5:\"index\";s:6:\"action\";s:3:\"new\";s:2:\"id\";s:3:\"742\";s:8:\"proforma\";i:1;}\";',	'2012-11-23 00:41:03'),
(3224,	'edit',	'offer',	742,	1,	's:123:\"a:5:{s:6:\"module\";s:6:\"offers\";s:10:\"controller\";s:5:\"index\";s:6:\"action\";s:3:\"new\";s:2:\"id\";s:3:\"742\";s:8:\"proforma\";i:1;}\";',	'2012-11-23 00:42:56'),
(3225,	'edit',	'offer',	742,	1,	's:123:\"a:5:{s:6:\"module\";s:6:\"offers\";s:10:\"controller\";s:5:\"index\";s:6:\"action\";s:3:\"new\";s:2:\"id\";s:3:\"742\";s:8:\"proforma\";i:1;}\";',	'2012-11-23 00:43:10'),
(3226,	'annex',	'offer',	742,	1,	's:152:\"a:5:{s:6:\"module\";s:8:\"invoices\";s:10:\"controller\";s:5:\"index\";s:6:\"action\";s:20:\"create-annex-invoice\";s:8:\"proforma\";s:1:\"1\";s:7:\"invoice\";s:3:\"742\";}\";',	'2012-11-23 00:43:50'),
(3227,	'edit',	'offer',	742,	1,	's:123:\"a:5:{s:6:\"module\";s:6:\"offers\";s:10:\"controller\";s:5:\"index\";s:6:\"action\";s:3:\"new\";s:2:\"id\";s:3:\"742\";s:8:\"proforma\";i:1;}\";',	'2012-11-23 00:43:50'),
(3228,	'view',	'offer',	739,	2,	's:124:\"a:5:{s:6:\"module\";s:6:\"offers\";s:10:\"controller\";s:5:\"index\";s:6:\"action\";s:4:\"view\";s:2:\"id\";s:3:\"739\";s:8:\"proforma\";i:1;}\";',	'2012-11-23 00:43:53'),
(3229,	'annex',	'offer',	739,	2,	's:152:\"a:5:{s:6:\"module\";s:8:\"invoices\";s:10:\"controller\";s:5:\"index\";s:6:\"action\";s:20:\"create-annex-invoice\";s:8:\"proforma\";s:1:\"1\";s:7:\"invoice\";s:3:\"739\";}\";',	'2012-11-23 00:44:09'),
(3230,	'view',	'offer',	739,	2,	's:124:\"a:5:{s:6:\"module\";s:6:\"offers\";s:10:\"controller\";s:5:\"index\";s:6:\"action\";s:4:\"view\";s:2:\"id\";s:3:\"739\";s:8:\"proforma\";i:1;}\";',	'2012-11-23 00:44:09'),
(3231,	'edit',	'offer',	742,	1,	's:123:\"a:5:{s:6:\"module\";s:6:\"offers\";s:10:\"controller\";s:5:\"index\";s:6:\"action\";s:3:\"new\";s:2:\"id\";s:3:\"742\";s:8:\"proforma\";i:1;}\";',	'2012-11-23 00:45:38'),
(3232,	'edit',	'offer',	742,	1,	's:123:\"a:5:{s:6:\"module\";s:6:\"offers\";s:10:\"controller\";s:5:\"index\";s:6:\"action\";s:3:\"new\";s:2:\"id\";s:3:\"742\";s:8:\"proforma\";i:1;}\";',	'2012-11-23 00:45:58'),
(3233,	'view',	'offer',	739,	2,	's:124:\"a:5:{s:6:\"module\";s:6:\"offers\";s:10:\"controller\";s:5:\"index\";s:6:\"action\";s:4:\"view\";s:2:\"id\";s:3:\"739\";s:8:\"proforma\";i:1;}\";',	'2012-11-23 00:46:02'),
(3234,	'edit',	'offer',	742,	1,	's:123:\"a:5:{s:6:\"module\";s:6:\"offers\";s:10:\"controller\";s:5:\"index\";s:6:\"action\";s:3:\"new\";s:2:\"id\";s:3:\"742\";s:8:\"proforma\";i:1;}\";',	'2012-11-23 00:46:43'),
(3235,	'edit',	'offer',	742,	1,	's:123:\"a:5:{s:6:\"module\";s:6:\"offers\";s:10:\"controller\";s:5:\"index\";s:6:\"action\";s:3:\"new\";s:2:\"id\";s:3:\"742\";s:8:\"proforma\";i:1;}\";',	'2012-11-23 00:47:24'),
(3236,	'edit',	'offer',	742,	1,	's:123:\"a:5:{s:6:\"module\";s:6:\"offers\";s:10:\"controller\";s:5:\"index\";s:6:\"action\";s:3:\"new\";s:2:\"id\";s:3:\"742\";s:8:\"proforma\";i:1;}\";',	'2012-11-23 00:48:05'),
(3237,	'edit',	'offer',	742,	1,	's:123:\"a:5:{s:6:\"module\";s:6:\"offers\";s:10:\"controller\";s:5:\"index\";s:6:\"action\";s:3:\"new\";s:2:\"id\";s:3:\"742\";s:8:\"proforma\";i:1;}\";',	'2012-11-23 00:48:19'),
(3238,	'edit',	'offer',	742,	1,	's:123:\"a:5:{s:6:\"module\";s:6:\"offers\";s:10:\"controller\";s:5:\"index\";s:6:\"action\";s:3:\"new\";s:2:\"id\";s:3:\"742\";s:8:\"proforma\";i:1;}\";',	'2012-11-23 00:48:55'),
(3239,	'edit',	'offer',	742,	1,	's:123:\"a:5:{s:6:\"module\";s:6:\"offers\";s:10:\"controller\";s:5:\"index\";s:6:\"action\";s:3:\"new\";s:2:\"id\";s:3:\"742\";s:8:\"proforma\";i:1;}\";',	'2012-11-23 00:49:55'),
(3240,	'edit',	'offer',	742,	1,	's:123:\"a:5:{s:6:\"module\";s:6:\"offers\";s:10:\"controller\";s:5:\"index\";s:6:\"action\";s:3:\"new\";s:2:\"id\";s:3:\"742\";s:8:\"proforma\";i:1;}\";',	'2012-11-23 00:50:45'),
(3241,	'edit',	'offer',	742,	1,	's:123:\"a:5:{s:6:\"module\";s:6:\"offers\";s:10:\"controller\";s:5:\"index\";s:6:\"action\";s:3:\"new\";s:2:\"id\";s:3:\"742\";s:8:\"proforma\";i:1;}\";',	'2012-11-23 00:51:01'),
(3242,	'edit',	'offer',	742,	1,	's:123:\"a:5:{s:6:\"module\";s:6:\"offers\";s:10:\"controller\";s:5:\"index\";s:6:\"action\";s:3:\"new\";s:2:\"id\";s:3:\"742\";s:8:\"proforma\";i:1;}\";',	'2012-11-23 00:51:29'),
(3243,	'view',	'offer',	739,	2,	's:124:\"a:5:{s:6:\"module\";s:6:\"offers\";s:10:\"controller\";s:5:\"index\";s:6:\"action\";s:4:\"view\";s:2:\"id\";s:3:\"739\";s:8:\"proforma\";i:1;}\";',	'2012-11-23 00:51:50'),
(3244,	'edit',	'offer',	742,	1,	's:123:\"a:5:{s:6:\"module\";s:6:\"offers\";s:10:\"controller\";s:5:\"index\";s:6:\"action\";s:3:\"new\";s:2:\"id\";s:3:\"742\";s:8:\"proforma\";i:1;}\";',	'2012-11-23 00:52:04'),
(3245,	'edit',	'offer',	742,	1,	's:123:\"a:5:{s:6:\"module\";s:6:\"offers\";s:10:\"controller\";s:5:\"index\";s:6:\"action\";s:3:\"new\";s:2:\"id\";s:3:\"742\";s:8:\"proforma\";i:1;}\";',	'2012-11-23 00:53:14'),
(3246,	'edit',	'offer',	742,	1,	's:123:\"a:5:{s:6:\"module\";s:6:\"offers\";s:10:\"controller\";s:5:\"index\";s:6:\"action\";s:3:\"new\";s:2:\"id\";s:3:\"742\";s:8:\"proforma\";i:1;}\";',	'2012-11-23 00:54:52'),
(3247,	'edit',	'offer',	742,	1,	's:123:\"a:5:{s:6:\"module\";s:6:\"offers\";s:10:\"controller\";s:5:\"index\";s:6:\"action\";s:3:\"new\";s:2:\"id\";s:3:\"742\";s:8:\"proforma\";i:1;}\";',	'2012-11-23 00:55:31'),
(3248,	'edit',	'offer',	742,	1,	's:123:\"a:5:{s:6:\"module\";s:6:\"offers\";s:10:\"controller\";s:5:\"index\";s:6:\"action\";s:3:\"new\";s:2:\"id\";s:3:\"742\";s:8:\"proforma\";i:1;}\";',	'2012-11-23 00:55:54'),
(3249,	'edit',	'offer',	742,	1,	's:123:\"a:5:{s:6:\"module\";s:6:\"offers\";s:10:\"controller\";s:5:\"index\";s:6:\"action\";s:3:\"new\";s:2:\"id\";s:3:\"742\";s:8:\"proforma\";i:1;}\";',	'2012-11-23 00:56:08'),
(3250,	'edit',	'offer',	742,	1,	's:123:\"a:5:{s:6:\"module\";s:6:\"offers\";s:10:\"controller\";s:5:\"index\";s:6:\"action\";s:3:\"new\";s:2:\"id\";s:3:\"742\";s:8:\"proforma\";i:1;}\";',	'2012-11-23 00:56:23'),
(3251,	'edit',	'offer',	742,	1,	's:123:\"a:5:{s:6:\"module\";s:6:\"offers\";s:10:\"controller\";s:5:\"index\";s:6:\"action\";s:3:\"new\";s:2:\"id\";s:3:\"742\";s:8:\"proforma\";i:1;}\";',	'2012-11-23 00:56:42'),
(3252,	'edit',	'offer',	742,	1,	's:123:\"a:5:{s:6:\"module\";s:6:\"offers\";s:10:\"controller\";s:5:\"index\";s:6:\"action\";s:3:\"new\";s:2:\"id\";s:3:\"742\";s:8:\"proforma\";i:1;}\";',	'2012-11-23 00:57:09'),
(3253,	'edit',	'offer',	742,	1,	's:123:\"a:5:{s:6:\"module\";s:6:\"offers\";s:10:\"controller\";s:5:\"index\";s:6:\"action\";s:3:\"new\";s:2:\"id\";s:3:\"742\";s:8:\"proforma\";i:1;}\";',	'2012-11-23 00:57:15'),
(3254,	'edit',	'offer',	742,	1,	's:123:\"a:5:{s:6:\"module\";s:6:\"offers\";s:10:\"controller\";s:5:\"index\";s:6:\"action\";s:3:\"new\";s:2:\"id\";s:3:\"742\";s:8:\"proforma\";i:1;}\";',	'2012-11-23 00:57:49'),
(3255,	'edit',	'offer',	742,	1,	's:123:\"a:5:{s:6:\"module\";s:6:\"offers\";s:10:\"controller\";s:5:\"index\";s:6:\"action\";s:3:\"new\";s:2:\"id\";s:3:\"742\";s:8:\"proforma\";i:1;}\";',	'2012-11-23 00:58:01'),
(3256,	'edit',	'offer',	742,	1,	's:123:\"a:5:{s:6:\"module\";s:6:\"offers\";s:10:\"controller\";s:5:\"index\";s:6:\"action\";s:3:\"new\";s:2:\"id\";s:3:\"742\";s:8:\"proforma\";i:1;}\";',	'2012-11-23 00:58:18'),
(3257,	'edit',	'offer',	742,	1,	's:123:\"a:5:{s:6:\"module\";s:6:\"offers\";s:10:\"controller\";s:5:\"index\";s:6:\"action\";s:3:\"new\";s:2:\"id\";s:3:\"742\";s:8:\"proforma\";i:1;}\";',	'2012-11-23 00:59:04'),
(3258,	'edit',	'offer',	742,	1,	's:123:\"a:5:{s:6:\"module\";s:6:\"offers\";s:10:\"controller\";s:5:\"index\";s:6:\"action\";s:3:\"new\";s:2:\"id\";s:3:\"742\";s:8:\"proforma\";i:1;}\";',	'2012-11-23 00:59:59'),
(3259,	'edit',	'offer',	742,	1,	's:123:\"a:5:{s:6:\"module\";s:6:\"offers\";s:10:\"controller\";s:5:\"index\";s:6:\"action\";s:3:\"new\";s:2:\"id\";s:3:\"742\";s:8:\"proforma\";i:1;}\";',	'2012-11-23 01:00:08'),
(3260,	'edit',	'offer',	742,	1,	's:123:\"a:5:{s:6:\"module\";s:6:\"offers\";s:10:\"controller\";s:5:\"index\";s:6:\"action\";s:3:\"new\";s:2:\"id\";s:3:\"742\";s:8:\"proforma\";i:1;}\";',	'2012-11-23 01:00:21'),
(3261,	'edit',	'offer',	742,	1,	's:123:\"a:5:{s:6:\"module\";s:6:\"offers\";s:10:\"controller\";s:5:\"index\";s:6:\"action\";s:3:\"new\";s:2:\"id\";s:3:\"742\";s:8:\"proforma\";i:1;}\";',	'2012-11-23 01:00:29'),
(3262,	'edit',	'offer',	742,	1,	's:123:\"a:5:{s:6:\"module\";s:6:\"offers\";s:10:\"controller\";s:5:\"index\";s:6:\"action\";s:3:\"new\";s:2:\"id\";s:3:\"742\";s:8:\"proforma\";i:1;}\";',	'2012-11-23 01:00:34'),
(3263,	'edit',	'offer',	742,	1,	's:123:\"a:5:{s:6:\"module\";s:6:\"offers\";s:10:\"controller\";s:5:\"index\";s:6:\"action\";s:3:\"new\";s:2:\"id\";s:3:\"742\";s:8:\"proforma\";i:1;}\";',	'2012-11-23 01:00:39'),
(3264,	'edit',	'offer',	742,	1,	's:123:\"a:5:{s:6:\"module\";s:6:\"offers\";s:10:\"controller\";s:5:\"index\";s:6:\"action\";s:3:\"new\";s:2:\"id\";s:3:\"742\";s:8:\"proforma\";i:1;}\";',	'2012-11-23 01:01:11'),
(3265,	'edit',	'offer',	742,	1,	's:123:\"a:5:{s:6:\"module\";s:6:\"offers\";s:10:\"controller\";s:5:\"index\";s:6:\"action\";s:3:\"new\";s:2:\"id\";s:3:\"742\";s:8:\"proforma\";i:1;}\";',	'2012-11-23 01:04:33'),
(3266,	'edit',	'offer',	742,	1,	's:123:\"a:5:{s:6:\"module\";s:6:\"offers\";s:10:\"controller\";s:5:\"index\";s:6:\"action\";s:3:\"new\";s:2:\"id\";s:3:\"742\";s:8:\"proforma\";i:1;}\";',	'2012-11-23 01:04:41'),
(3267,	'edit',	'offer',	742,	1,	's:123:\"a:5:{s:6:\"module\";s:6:\"offers\";s:10:\"controller\";s:5:\"index\";s:6:\"action\";s:3:\"new\";s:2:\"id\";s:3:\"742\";s:8:\"proforma\";i:1;}\";',	'2012-11-23 01:05:21'),
(3268,	'edit',	'offer',	742,	1,	's:123:\"a:5:{s:6:\"module\";s:6:\"offers\";s:10:\"controller\";s:5:\"index\";s:6:\"action\";s:3:\"new\";s:2:\"id\";s:3:\"742\";s:8:\"proforma\";i:1;}\";',	'2012-11-23 01:06:07'),
(3269,	'edit',	'offer',	742,	1,	's:123:\"a:5:{s:6:\"module\";s:6:\"offers\";s:10:\"controller\";s:5:\"index\";s:6:\"action\";s:3:\"new\";s:2:\"id\";s:3:\"742\";s:8:\"proforma\";i:1;}\";',	'2012-11-23 01:06:25'),
(3270,	'edit',	'offer',	742,	1,	's:123:\"a:5:{s:6:\"module\";s:6:\"offers\";s:10:\"controller\";s:5:\"index\";s:6:\"action\";s:3:\"new\";s:2:\"id\";s:3:\"742\";s:8:\"proforma\";i:1;}\";',	'2012-11-23 01:07:19'),
(3271,	'edit',	'offer',	742,	1,	's:123:\"a:5:{s:6:\"module\";s:6:\"offers\";s:10:\"controller\";s:5:\"index\";s:6:\"action\";s:3:\"new\";s:2:\"id\";s:3:\"742\";s:8:\"proforma\";i:1;}\";',	'2012-11-23 01:08:22'),
(3272,	'edit',	'offer',	742,	1,	's:123:\"a:5:{s:6:\"module\";s:6:\"offers\";s:10:\"controller\";s:5:\"index\";s:6:\"action\";s:3:\"new\";s:2:\"id\";s:3:\"742\";s:8:\"proforma\";i:1;}\";',	'2012-11-23 01:08:59'),
(3273,	'edit',	'offer',	742,	1,	's:123:\"a:5:{s:6:\"module\";s:6:\"offers\";s:10:\"controller\";s:5:\"index\";s:6:\"action\";s:3:\"new\";s:2:\"id\";s:3:\"742\";s:8:\"proforma\";i:1;}\";',	'2012-11-23 01:09:03'),
(3274,	'edit',	'offer',	742,	1,	's:123:\"a:5:{s:6:\"module\";s:6:\"offers\";s:10:\"controller\";s:5:\"index\";s:6:\"action\";s:3:\"new\";s:2:\"id\";s:3:\"742\";s:8:\"proforma\";i:1;}\";',	'2012-11-23 01:09:23'),
(3275,	'edit',	'offer',	742,	1,	's:123:\"a:5:{s:6:\"module\";s:6:\"offers\";s:10:\"controller\";s:5:\"index\";s:6:\"action\";s:3:\"new\";s:2:\"id\";s:3:\"742\";s:8:\"proforma\";i:1;}\";',	'2012-11-23 01:10:39'),
(3276,	'edit',	'offer',	742,	1,	's:123:\"a:5:{s:6:\"module\";s:6:\"offers\";s:10:\"controller\";s:5:\"index\";s:6:\"action\";s:3:\"new\";s:2:\"id\";s:3:\"742\";s:8:\"proforma\";i:1;}\";',	'2012-11-23 01:10:52'),
(3277,	'edit',	'offer',	742,	1,	's:123:\"a:5:{s:6:\"module\";s:6:\"offers\";s:10:\"controller\";s:5:\"index\";s:6:\"action\";s:3:\"new\";s:2:\"id\";s:3:\"742\";s:8:\"proforma\";i:1;}\";',	'2012-11-23 01:11:09'),
(3278,	'edit',	'offer',	742,	1,	's:123:\"a:5:{s:6:\"module\";s:6:\"offers\";s:10:\"controller\";s:5:\"index\";s:6:\"action\";s:3:\"new\";s:2:\"id\";s:3:\"742\";s:8:\"proforma\";i:1;}\";',	'2012-11-23 01:11:42'),
(3279,	'edit',	'offer',	742,	1,	's:123:\"a:5:{s:6:\"module\";s:6:\"offers\";s:10:\"controller\";s:5:\"index\";s:6:\"action\";s:3:\"new\";s:2:\"id\";s:3:\"742\";s:8:\"proforma\";i:1;}\";',	'2012-11-23 01:12:16'),
(3280,	'edit',	'offer',	742,	1,	's:123:\"a:5:{s:6:\"module\";s:6:\"offers\";s:10:\"controller\";s:5:\"index\";s:6:\"action\";s:3:\"new\";s:2:\"id\";s:3:\"742\";s:8:\"proforma\";i:1;}\";',	'2012-11-23 01:13:45'),
(3281,	'edit',	'offer',	742,	1,	's:123:\"a:5:{s:6:\"module\";s:6:\"offers\";s:10:\"controller\";s:5:\"index\";s:6:\"action\";s:3:\"new\";s:2:\"id\";s:3:\"742\";s:8:\"proforma\";i:1;}\";',	'2012-11-23 01:14:04'),
(3282,	'view',	'offer',	739,	2,	's:124:\"a:5:{s:6:\"module\";s:6:\"offers\";s:10:\"controller\";s:5:\"index\";s:6:\"action\";s:4:\"view\";s:2:\"id\";s:3:\"739\";s:8:\"proforma\";i:1;}\";',	'2012-11-23 01:19:37'),
(3283,	'index',	'purchase',	NULL,	2,	's:90:\"a:3:{s:6:\"module\";s:9:\"purchases\";s:10:\"controller\";s:5:\"index\";s:6:\"action\";s:5:\"index\";}\";',	'2012-11-23 01:20:21'),
(3284,	'view',	'purchase',	80,	2,	's:107:\"a:4:{s:6:\"module\";s:9:\"purchases\";s:10:\"controller\";s:5:\"index\";s:6:\"action\";s:4:\"view\";s:2:\"id\";s:2:\"80\";}\";',	'2012-11-23 01:20:29'),
(3285,	'index',	'stock',	NULL,	2,	's:86:\"a:3:{s:6:\"module\";s:5:\"stock\";s:10:\"controller\";s:5:\"index\";s:6:\"action\";s:5:\"index\";}\";',	'2012-11-23 01:20:39'),
(3286,	'index',	'contact',	NULL,	2,	's:89:\"a:3:{s:6:\"module\";s:8:\"contacts\";s:10:\"controller\";s:5:\"index\";s:6:\"action\";s:5:\"index\";}\";',	'2012-11-23 01:20:52'),
(3287,	'edit',	'offer',	742,	1,	's:123:\"a:5:{s:6:\"module\";s:6:\"offers\";s:10:\"controller\";s:5:\"index\";s:6:\"action\";s:3:\"new\";s:2:\"id\";s:3:\"742\";s:8:\"proforma\";i:1;}\";',	'2012-11-23 01:21:02'),
(3288,	'index',	'purchase',	NULL,	2,	's:90:\"a:3:{s:6:\"module\";s:9:\"purchases\";s:10:\"controller\";s:5:\"index\";s:6:\"action\";s:5:\"index\";}\";',	'2012-11-23 01:22:38'),
(3289,	'index',	'invoice',	NULL,	2,	's:89:\"a:3:{s:6:\"module\";s:8:\"invoices\";s:10:\"controller\";s:5:\"index\";s:6:\"action\";s:5:\"index\";}\";',	'2012-11-23 01:22:43'),
(3290,	'index',	'invoice',	NULL,	2,	's:89:\"a:3:{s:6:\"module\";s:8:\"invoices\";s:10:\"controller\";s:5:\"index\";s:6:\"action\";s:5:\"index\";}\";',	'2012-11-23 01:27:14'),
(3291,	'index',	'offer',	NULL,	2,	's:106:\"a:4:{s:6:\"module\";s:6:\"offers\";s:10:\"controller\";s:5:\"index\";s:6:\"action\";s:5:\"index\";s:8:\"proforma\";i:1;}\";',	'2012-11-23 01:27:17'),
(3292,	'view',	'offer',	739,	2,	's:124:\"a:5:{s:6:\"module\";s:6:\"offers\";s:10:\"controller\";s:5:\"index\";s:6:\"action\";s:4:\"view\";s:2:\"id\";s:3:\"739\";s:8:\"proforma\";i:1;}\";',	'2012-11-23 01:27:21'),
(3293,	'index',	'offer',	NULL,	2,	's:127:\"a:5:{s:6:\"module\";s:6:\"offers\";s:10:\"controller\";s:5:\"index\";s:6:\"action\";s:5:\"index\";s:8:\"proforma\";i:1;s:6:\"credit\";s:1:\"0\";}\";',	'2012-11-23 01:27:45'),
(3294,	'edit',	'offer',	742,	1,	's:123:\"a:5:{s:6:\"module\";s:6:\"offers\";s:10:\"controller\";s:5:\"index\";s:6:\"action\";s:3:\"new\";s:2:\"id\";s:3:\"742\";s:8:\"proforma\";i:1;}\";',	'2012-11-23 01:27:50'),
(3295,	'new',	'offer',	743,	2,	's:104:\"a:4:{s:6:\"module\";s:6:\"offers\";s:10:\"controller\";s:5:\"index\";s:6:\"action\";s:3:\"new\";s:8:\"proforma\";i:1;}\";',	'2012-11-23 01:28:06'),
(3296,	'edit',	'offer',	743,	2,	's:124:\"a:5:{s:6:\"module\";s:6:\"offers\";s:10:\"controller\";s:5:\"index\";s:6:\"action\";s:4:\"edit\";s:2:\"id\";s:3:\"743\";s:8:\"proforma\";i:1;}\";',	'2012-11-23 01:28:06'),
(3297,	'proforma-status',	'offer',	743,	2,	's:146:\"a:5:{s:6:\"module\";s:8:\"invoices\";s:10:\"controller\";s:5:\"index\";s:6:\"action\";s:15:\"proforma-status\";s:6:\"status\";s:7:\"archive\";s:2:\"id\";s:3:\"743\";}\";',	'2012-11-23 01:28:25'),
(3298,	'index',	'offer',	NULL,	2,	's:106:\"a:4:{s:6:\"module\";s:6:\"offers\";s:10:\"controller\";s:5:\"index\";s:6:\"action\";s:5:\"index\";s:8:\"proforma\";i:1;}\";',	'2012-11-23 01:28:27'),
(3299,	'edit',	'offer',	743,	2,	's:123:\"a:5:{s:6:\"module\";s:6:\"offers\";s:10:\"controller\";s:5:\"index\";s:6:\"action\";s:3:\"new\";s:2:\"id\";s:3:\"743\";s:8:\"proforma\";i:1;}\";',	'2012-11-23 01:28:36'),
(3300,	'pdf',	'offer',	743,	2,	's:106:\"a:4:{s:6:\"module\";s:8:\"invoices\";s:10:\"controller\";s:5:\"index\";s:6:\"action\";s:3:\"pdf\";s:2:\"id\";s:3:\"743\";}\";',	'2012-11-23 01:28:42'),
(3301,	'pdf',	'offer',	743,	2,	's:106:\"a:4:{s:6:\"module\";s:8:\"invoices\";s:10:\"controller\";s:5:\"index\";s:6:\"action\";s:3:\"pdf\";s:2:\"id\";s:3:\"743\";}\";',	'2012-11-23 01:28:42'),
(3302,	'view',	'offer',	743,	2,	's:147:\"a:6:{s:6:\"module\";s:6:\"offers\";s:10:\"controller\";s:5:\"index\";s:6:\"action\";s:4:\"view\";s:2:\"id\";s:3:\"743\";s:8:\"proforma\";i:1;s:8:\"download\";s:1:\"1\";}\";',	'2012-11-23 01:28:47'),
(3303,	'pdf',	'offer',	743,	2,	's:106:\"a:4:{s:6:\"module\";s:8:\"invoices\";s:10:\"controller\";s:5:\"index\";s:6:\"action\";s:3:\"pdf\";s:2:\"id\";s:3:\"743\";}\";',	'2012-11-23 01:28:48'),
(3304,	'edit',	'offer',	742,	1,	's:123:\"a:5:{s:6:\"module\";s:6:\"offers\";s:10:\"controller\";s:5:\"index\";s:6:\"action\";s:3:\"new\";s:2:\"id\";s:3:\"742\";s:8:\"proforma\";i:1;}\";',	'2012-11-23 01:29:03'),
(3305,	'edit',	'offer',	742,	1,	's:123:\"a:5:{s:6:\"module\";s:6:\"offers\";s:10:\"controller\";s:5:\"index\";s:6:\"action\";s:3:\"new\";s:2:\"id\";s:3:\"742\";s:8:\"proforma\";i:1;}\";',	'2012-11-23 01:29:16'),
(3306,	'edit',	'offer',	742,	1,	's:123:\"a:5:{s:6:\"module\";s:6:\"offers\";s:10:\"controller\";s:5:\"index\";s:6:\"action\";s:3:\"new\";s:2:\"id\";s:3:\"742\";s:8:\"proforma\";i:1;}\";',	'2012-11-23 01:30:08'),
(3307,	'edit',	'offer',	742,	1,	's:123:\"a:5:{s:6:\"module\";s:6:\"offers\";s:10:\"controller\";s:5:\"index\";s:6:\"action\";s:3:\"new\";s:2:\"id\";s:3:\"742\";s:8:\"proforma\";i:1;}\";',	'2012-11-23 01:30:17'),
(3308,	'edit',	'offer',	742,	1,	's:123:\"a:5:{s:6:\"module\";s:6:\"offers\";s:10:\"controller\";s:5:\"index\";s:6:\"action\";s:3:\"new\";s:2:\"id\";s:3:\"742\";s:8:\"proforma\";i:1;}\";',	'2012-11-23 01:30:48'),
(3309,	'edit',	'offer',	742,	1,	's:123:\"a:5:{s:6:\"module\";s:6:\"offers\";s:10:\"controller\";s:5:\"index\";s:6:\"action\";s:3:\"new\";s:2:\"id\";s:3:\"742\";s:8:\"proforma\";i:1;}\";',	'2012-11-23 01:31:01'),
(3310,	'edit',	'offer',	742,	1,	's:123:\"a:5:{s:6:\"module\";s:6:\"offers\";s:10:\"controller\";s:5:\"index\";s:6:\"action\";s:3:\"new\";s:2:\"id\";s:3:\"742\";s:8:\"proforma\";i:1;}\";',	'2012-11-23 01:31:09'),
(3311,	'edit',	'offer',	742,	1,	's:123:\"a:5:{s:6:\"module\";s:6:\"offers\";s:10:\"controller\";s:5:\"index\";s:6:\"action\";s:3:\"new\";s:2:\"id\";s:3:\"742\";s:8:\"proforma\";i:1;}\";',	'2012-11-23 01:31:16'),
(3312,	'edit',	'offer',	742,	1,	's:123:\"a:5:{s:6:\"module\";s:6:\"offers\";s:10:\"controller\";s:5:\"index\";s:6:\"action\";s:3:\"new\";s:2:\"id\";s:3:\"742\";s:8:\"proforma\";i:1;}\";',	'2012-11-23 01:31:25'),
(3313,	'edit',	'offer',	742,	1,	's:123:\"a:5:{s:6:\"module\";s:6:\"offers\";s:10:\"controller\";s:5:\"index\";s:6:\"action\";s:3:\"new\";s:2:\"id\";s:3:\"742\";s:8:\"proforma\";i:1;}\";',	'2012-11-23 01:32:19'),
(3314,	'edit',	'offer',	742,	1,	's:123:\"a:5:{s:6:\"module\";s:6:\"offers\";s:10:\"controller\";s:5:\"index\";s:6:\"action\";s:3:\"new\";s:2:\"id\";s:3:\"742\";s:8:\"proforma\";i:1;}\";',	'2012-11-23 01:32:27'),
(3315,	'edit',	'offer',	742,	1,	's:123:\"a:5:{s:6:\"module\";s:6:\"offers\";s:10:\"controller\";s:5:\"index\";s:6:\"action\";s:3:\"new\";s:2:\"id\";s:3:\"742\";s:8:\"proforma\";i:1;}\";',	'2012-11-23 01:32:42'),
(3316,	'edit',	'offer',	742,	1,	's:123:\"a:5:{s:6:\"module\";s:6:\"offers\";s:10:\"controller\";s:5:\"index\";s:6:\"action\";s:3:\"new\";s:2:\"id\";s:3:\"742\";s:8:\"proforma\";i:1;}\";',	'2012-11-23 01:37:01'),
(3317,	'edit',	'offer',	742,	1,	's:123:\"a:5:{s:6:\"module\";s:6:\"offers\";s:10:\"controller\";s:5:\"index\";s:6:\"action\";s:3:\"new\";s:2:\"id\";s:3:\"742\";s:8:\"proforma\";i:1;}\";',	'2012-11-23 01:37:23'),
(3318,	'edit',	'offer',	742,	1,	's:123:\"a:5:{s:6:\"module\";s:6:\"offers\";s:10:\"controller\";s:5:\"index\";s:6:\"action\";s:3:\"new\";s:2:\"id\";s:3:\"742\";s:8:\"proforma\";i:1;}\";',	'2012-11-23 01:37:37'),
(3319,	'edit',	'offer',	742,	1,	's:123:\"a:5:{s:6:\"module\";s:6:\"offers\";s:10:\"controller\";s:5:\"index\";s:6:\"action\";s:3:\"new\";s:2:\"id\";s:3:\"742\";s:8:\"proforma\";i:1;}\";',	'2012-11-23 01:37:51'),
(3320,	'edit',	'offer',	742,	1,	's:123:\"a:5:{s:6:\"module\";s:6:\"offers\";s:10:\"controller\";s:5:\"index\";s:6:\"action\";s:3:\"new\";s:2:\"id\";s:3:\"742\";s:8:\"proforma\";i:1;}\";',	'2012-11-23 01:41:54'),
(3321,	'edit',	'offer',	742,	1,	's:123:\"a:5:{s:6:\"module\";s:6:\"offers\";s:10:\"controller\";s:5:\"index\";s:6:\"action\";s:3:\"new\";s:2:\"id\";s:3:\"742\";s:8:\"proforma\";i:1;}\";',	'2012-11-23 01:42:12'),
(3322,	'edit',	'offer',	742,	1,	's:123:\"a:5:{s:6:\"module\";s:6:\"offers\";s:10:\"controller\";s:5:\"index\";s:6:\"action\";s:3:\"new\";s:2:\"id\";s:3:\"742\";s:8:\"proforma\";i:1;}\";',	'2012-11-23 01:44:06'),
(3323,	'view',	'offer',	743,	2,	's:147:\"a:6:{s:6:\"module\";s:6:\"offers\";s:10:\"controller\";s:5:\"index\";s:6:\"action\";s:4:\"view\";s:2:\"id\";s:3:\"743\";s:8:\"proforma\";i:1;s:8:\"download\";s:1:\"1\";}\";',	'2012-11-23 01:44:41'),
(3324,	'pdf',	'offer',	743,	2,	's:106:\"a:4:{s:6:\"module\";s:8:\"invoices\";s:10:\"controller\";s:5:\"index\";s:6:\"action\";s:3:\"pdf\";s:2:\"id\";s:3:\"743\";}\";',	'2012-11-23 01:44:42'),
(3325,	'annex',	'offer',	743,	2,	's:152:\"a:5:{s:6:\"module\";s:8:\"invoices\";s:10:\"controller\";s:5:\"index\";s:6:\"action\";s:20:\"create-annex-invoice\";s:8:\"proforma\";s:1:\"1\";s:7:\"invoice\";s:3:\"743\";}\";',	'2012-11-23 01:44:49'),
(3326,	'view',	'offer',	743,	2,	's:124:\"a:5:{s:6:\"module\";s:6:\"offers\";s:10:\"controller\";s:5:\"index\";s:6:\"action\";s:4:\"view\";s:2:\"id\";s:3:\"743\";s:8:\"proforma\";i:1;}\";',	'2012-11-23 01:44:49'),
(3327,	'edit',	'offer',	742,	1,	's:123:\"a:5:{s:6:\"module\";s:6:\"offers\";s:10:\"controller\";s:5:\"index\";s:6:\"action\";s:3:\"new\";s:2:\"id\";s:3:\"742\";s:8:\"proforma\";i:1;}\";',	'2012-11-23 01:44:54'),
(3328,	'edit',	'offer',	742,	1,	's:123:\"a:5:{s:6:\"module\";s:6:\"offers\";s:10:\"controller\";s:5:\"index\";s:6:\"action\";s:3:\"new\";s:2:\"id\";s:3:\"742\";s:8:\"proforma\";i:1;}\";',	'2012-11-23 01:46:19'),
(3329,	'annex',	'offer',	742,	1,	's:152:\"a:5:{s:6:\"module\";s:8:\"invoices\";s:10:\"controller\";s:5:\"index\";s:6:\"action\";s:20:\"create-annex-invoice\";s:8:\"proforma\";s:1:\"1\";s:7:\"invoice\";s:3:\"742\";}\";',	'2012-11-23 01:46:39'),
(3330,	'edit',	'offer',	742,	1,	's:123:\"a:5:{s:6:\"module\";s:6:\"offers\";s:10:\"controller\";s:5:\"index\";s:6:\"action\";s:3:\"new\";s:2:\"id\";s:3:\"742\";s:8:\"proforma\";i:1;}\";',	'2012-11-23 01:46:39'),
(3331,	'view',	'offer',	743,	2,	's:124:\"a:5:{s:6:\"module\";s:6:\"offers\";s:10:\"controller\";s:5:\"index\";s:6:\"action\";s:4:\"view\";s:2:\"id\";s:3:\"743\";s:8:\"proforma\";i:1;}\";',	'2012-11-23 01:53:18'),
(3332,	'index',	'offer',	NULL,	2,	's:106:\"a:4:{s:6:\"module\";s:6:\"offers\";s:10:\"controller\";s:5:\"index\";s:6:\"action\";s:5:\"index\";s:8:\"proforma\";i:1;}\";',	'2012-11-23 01:53:29'),
(3333,	'view',	'offer',	743,	2,	's:124:\"a:5:{s:6:\"module\";s:6:\"offers\";s:10:\"controller\";s:5:\"index\";s:6:\"action\";s:4:\"view\";s:2:\"id\";s:3:\"743\";s:8:\"proforma\";i:1;}\";',	'2012-11-23 01:53:35'),
(3334,	'edit',	'offer',	742,	1,	's:123:\"a:5:{s:6:\"module\";s:6:\"offers\";s:10:\"controller\";s:5:\"index\";s:6:\"action\";s:3:\"new\";s:2:\"id\";s:3:\"742\";s:8:\"proforma\";i:1;}\";',	'2012-11-23 01:55:46'),
(3335,	'edit',	'offer',	742,	1,	's:123:\"a:5:{s:6:\"module\";s:6:\"offers\";s:10:\"controller\";s:5:\"index\";s:6:\"action\";s:3:\"new\";s:2:\"id\";s:3:\"742\";s:8:\"proforma\";i:1;}\";',	'2012-11-23 01:56:39'),
(3336,	'edit',	'offer',	742,	1,	's:123:\"a:5:{s:6:\"module\";s:6:\"offers\";s:10:\"controller\";s:5:\"index\";s:6:\"action\";s:3:\"new\";s:2:\"id\";s:3:\"742\";s:8:\"proforma\";i:1;}\";',	'2012-11-23 01:57:13'),
(3337,	'view',	'offer',	743,	2,	's:124:\"a:5:{s:6:\"module\";s:6:\"offers\";s:10:\"controller\";s:5:\"index\";s:6:\"action\";s:4:\"view\";s:2:\"id\";s:3:\"743\";s:8:\"proforma\";i:1;}\";',	'2012-11-23 01:57:16'),
(3338,	'edit',	'offer',	742,	1,	's:123:\"a:5:{s:6:\"module\";s:6:\"offers\";s:10:\"controller\";s:5:\"index\";s:6:\"action\";s:3:\"new\";s:2:\"id\";s:3:\"742\";s:8:\"proforma\";i:1;}\";',	'2012-11-23 01:59:02'),
(3339,	'view',	'offer',	743,	2,	's:124:\"a:5:{s:6:\"module\";s:6:\"offers\";s:10:\"controller\";s:5:\"index\";s:6:\"action\";s:4:\"view\";s:2:\"id\";s:3:\"743\";s:8:\"proforma\";i:1;}\";',	'2012-11-23 01:59:33'),
(3340,	'proforma-status',	'offer',	742,	1,	's:147:\"a:5:{s:6:\"module\";s:8:\"invoices\";s:10:\"controller\";s:5:\"index\";s:6:\"action\";s:15:\"proforma-status\";s:6:\"status\";s:8:\"accepted\";s:2:\"id\";s:3:\"742\";}\";',	'2012-11-23 01:59:53'),
(3341,	'edit',	'offer',	742,	1,	's:123:\"a:5:{s:6:\"module\";s:6:\"offers\";s:10:\"controller\";s:5:\"index\";s:6:\"action\";s:3:\"new\";s:2:\"id\";s:3:\"742\";s:8:\"proforma\";i:1;}\";',	'2012-11-23 02:00:51'),
(3342,	'edit',	'offer',	742,	1,	's:123:\"a:5:{s:6:\"module\";s:6:\"offers\";s:10:\"controller\";s:5:\"index\";s:6:\"action\";s:3:\"new\";s:2:\"id\";s:3:\"742\";s:8:\"proforma\";i:1;}\";',	'2012-11-23 02:01:00'),
(3343,	'view',	'offer',	743,	2,	's:124:\"a:5:{s:6:\"module\";s:6:\"offers\";s:10:\"controller\";s:5:\"index\";s:6:\"action\";s:4:\"view\";s:2:\"id\";s:3:\"743\";s:8:\"proforma\";i:1;}\";',	'2012-11-23 02:01:07'),
(3344,	'edit',	'offer',	742,	1,	's:123:\"a:5:{s:6:\"module\";s:6:\"offers\";s:10:\"controller\";s:5:\"index\";s:6:\"action\";s:3:\"new\";s:2:\"id\";s:3:\"742\";s:8:\"proforma\";i:1;}\";',	'2012-11-23 02:01:19'),
(3345,	'pdf',	'offer',	743,	2,	's:106:\"a:4:{s:6:\"module\";s:8:\"invoices\";s:10:\"controller\";s:5:\"index\";s:6:\"action\";s:3:\"pdf\";s:2:\"id\";s:3:\"743\";}\";',	'2012-11-23 02:01:54'),
(3346,	'pdf',	'offer',	743,	2,	's:106:\"a:4:{s:6:\"module\";s:8:\"invoices\";s:10:\"controller\";s:5:\"index\";s:6:\"action\";s:3:\"pdf\";s:2:\"id\";s:3:\"743\";}\";',	'2012-11-23 02:02:01'),
(3347,	'edit',	'offer',	742,	1,	's:123:\"a:5:{s:6:\"module\";s:6:\"offers\";s:10:\"controller\";s:5:\"index\";s:6:\"action\";s:3:\"new\";s:2:\"id\";s:3:\"742\";s:8:\"proforma\";i:1;}\";',	'2012-11-23 02:02:06'),
(3348,	'edit',	'offer',	742,	1,	's:123:\"a:5:{s:6:\"module\";s:6:\"offers\";s:10:\"controller\";s:5:\"index\";s:6:\"action\";s:3:\"new\";s:2:\"id\";s:3:\"742\";s:8:\"proforma\";i:1;}\";',	'2012-11-23 02:02:20'),
(3349,	'edit',	'offer',	742,	1,	's:123:\"a:5:{s:6:\"module\";s:6:\"offers\";s:10:\"controller\";s:5:\"index\";s:6:\"action\";s:3:\"new\";s:2:\"id\";s:3:\"742\";s:8:\"proforma\";i:1;}\";',	'2012-11-23 02:02:32'),
(3350,	'view',	'offer',	743,	2,	's:124:\"a:5:{s:6:\"module\";s:6:\"offers\";s:10:\"controller\";s:5:\"index\";s:6:\"action\";s:4:\"view\";s:2:\"id\";s:3:\"743\";s:8:\"proforma\";i:1;}\";',	'2012-11-23 02:02:43'),
(3351,	'edit',	'offer',	742,	1,	's:123:\"a:5:{s:6:\"module\";s:6:\"offers\";s:10:\"controller\";s:5:\"index\";s:6:\"action\";s:3:\"new\";s:2:\"id\";s:3:\"742\";s:8:\"proforma\";i:1;}\";',	'2012-11-23 02:02:55'),
(3352,	'edit',	'offer',	742,	1,	's:123:\"a:5:{s:6:\"module\";s:6:\"offers\";s:10:\"controller\";s:5:\"index\";s:6:\"action\";s:3:\"new\";s:2:\"id\";s:3:\"742\";s:8:\"proforma\";i:1;}\";',	'2012-11-23 02:04:24'),
(3353,	'edit',	'offer',	742,	1,	's:123:\"a:5:{s:6:\"module\";s:6:\"offers\";s:10:\"controller\";s:5:\"index\";s:6:\"action\";s:3:\"new\";s:2:\"id\";s:3:\"742\";s:8:\"proforma\";i:1;}\";',	'2012-11-23 02:04:37'),
(3354,	'edit',	'offer',	742,	1,	's:123:\"a:5:{s:6:\"module\";s:6:\"offers\";s:10:\"controller\";s:5:\"index\";s:6:\"action\";s:3:\"new\";s:2:\"id\";s:3:\"742\";s:8:\"proforma\";i:1;}\";',	'2012-11-23 02:04:47'),
(3355,	'index',	'invoice',	NULL,	2,	's:89:\"a:3:{s:6:\"module\";s:8:\"invoices\";s:10:\"controller\";s:5:\"index\";s:6:\"action\";s:5:\"index\";}\";',	'2012-11-23 02:05:34'),
(3356,	'view',	'invoice',	738,	2,	's:107:\"a:4:{s:6:\"module\";s:8:\"invoices\";s:10:\"controller\";s:5:\"index\";s:6:\"action\";s:4:\"view\";s:2:\"id\";s:3:\"738\";}\";',	'2012-11-23 02:05:37'),
(3357,	'pdf',	'invoice',	738,	2,	's:106:\"a:4:{s:6:\"module\";s:8:\"invoices\";s:10:\"controller\";s:5:\"index\";s:6:\"action\";s:3:\"pdf\";s:2:\"id\";s:3:\"738\";}\";',	'2012-11-23 02:05:39'),
(3358,	'edit',	'offer',	742,	1,	's:123:\"a:5:{s:6:\"module\";s:6:\"offers\";s:10:\"controller\";s:5:\"index\";s:6:\"action\";s:3:\"new\";s:2:\"id\";s:3:\"742\";s:8:\"proforma\";i:1;}\";',	'2012-11-23 02:06:02'),
(3359,	'edit',	'offer',	742,	1,	's:123:\"a:5:{s:6:\"module\";s:6:\"offers\";s:10:\"controller\";s:5:\"index\";s:6:\"action\";s:3:\"new\";s:2:\"id\";s:3:\"742\";s:8:\"proforma\";i:1;}\";',	'2012-11-23 02:06:06'),
(3360,	'new',	'offer',	744,	1,	's:104:\"a:4:{s:6:\"module\";s:6:\"offers\";s:10:\"controller\";s:5:\"index\";s:6:\"action\";s:3:\"new\";s:8:\"proforma\";i:1;}\";',	'2012-11-23 02:06:15'),
(3361,	'edit',	'offer',	744,	1,	's:124:\"a:5:{s:6:\"module\";s:6:\"offers\";s:10:\"controller\";s:5:\"index\";s:6:\"action\";s:4:\"edit\";s:2:\"id\";s:3:\"744\";s:8:\"proforma\";i:1;}\";',	'2012-11-23 02:06:15'),
(3362,	'proforma-status',	'offer',	744,	1,	's:147:\"a:5:{s:6:\"module\";s:8:\"invoices\";s:10:\"controller\";s:5:\"index\";s:6:\"action\";s:15:\"proforma-status\";s:6:\"status\";s:8:\"accepted\";s:2:\"id\";s:3:\"744\";}\";',	'2012-11-23 02:06:30'),
(3363,	'edit',	'offer',	744,	1,	's:124:\"a:5:{s:6:\"module\";s:6:\"offers\";s:10:\"controller\";s:5:\"index\";s:6:\"action\";s:4:\"edit\";s:2:\"id\";s:3:\"744\";s:8:\"proforma\";i:1;}\";',	'2012-11-23 02:07:09'),
(3364,	'proforma-status',	'offer',	744,	1,	's:145:\"a:5:{s:6:\"module\";s:8:\"invoices\";s:10:\"controller\";s:5:\"index\";s:6:\"action\";s:15:\"proforma-status\";s:6:\"status\";s:6:\"denied\";s:2:\"id\";s:3:\"744\";}\";',	'2012-11-23 02:07:11'),
(3365,	'proforma-status',	'offer',	744,	1,	's:146:\"a:5:{s:6:\"module\";s:8:\"invoices\";s:10:\"controller\";s:5:\"index\";s:6:\"action\";s:15:\"proforma-status\";s:6:\"status\";s:7:\"invoice\";s:2:\"id\";s:3:\"744\";}\";',	'2012-11-23 02:07:12'),
(3366,	'edit',	'invoice',	745,	1,	's:107:\"a:4:{s:6:\"module\";s:8:\"invoices\";s:10:\"controller\";s:5:\"index\";s:6:\"action\";s:4:\"edit\";s:2:\"id\";s:3:\"745\";}\";',	'2012-11-23 02:07:12'),
(3367,	'edit',	'offer',	744,	1,	's:124:\"a:5:{s:6:\"module\";s:6:\"offers\";s:10:\"controller\";s:5:\"index\";s:6:\"action\";s:4:\"edit\";s:2:\"id\";s:3:\"744\";s:8:\"proforma\";i:1;}\";',	'2012-11-23 02:07:18'),
(3368,	'pdf',	'offer',	744,	1,	's:106:\"a:4:{s:6:\"module\";s:8:\"invoices\";s:10:\"controller\";s:5:\"index\";s:6:\"action\";s:3:\"pdf\";s:2:\"id\";s:3:\"744\";}\";',	'2012-11-23 02:08:22'),
(3369,	'pdf',	'offer',	744,	1,	's:106:\"a:4:{s:6:\"module\";s:8:\"invoices\";s:10:\"controller\";s:5:\"index\";s:6:\"action\";s:3:\"pdf\";s:2:\"id\";s:3:\"744\";}\";',	'2012-11-23 02:08:44'),
(3370,	'pdf',	'offer',	744,	1,	's:106:\"a:4:{s:6:\"module\";s:8:\"invoices\";s:10:\"controller\";s:5:\"index\";s:6:\"action\";s:3:\"pdf\";s:2:\"id\";s:3:\"744\";}\";',	'2012-11-23 02:10:41'),
(3371,	'pdf',	'offer',	744,	1,	's:106:\"a:4:{s:6:\"module\";s:8:\"invoices\";s:10:\"controller\";s:5:\"index\";s:6:\"action\";s:3:\"pdf\";s:2:\"id\";s:3:\"744\";}\";',	'2012-11-23 02:12:12'),
(3372,	'pdf',	'offer',	744,	1,	's:106:\"a:4:{s:6:\"module\";s:8:\"invoices\";s:10:\"controller\";s:5:\"index\";s:6:\"action\";s:3:\"pdf\";s:2:\"id\";s:3:\"744\";}\";',	'2012-11-23 02:12:58'),
(3373,	'pdf',	'offer',	744,	1,	's:106:\"a:4:{s:6:\"module\";s:8:\"invoices\";s:10:\"controller\";s:5:\"index\";s:6:\"action\";s:3:\"pdf\";s:2:\"id\";s:3:\"744\";}\";',	'2012-11-23 02:13:28'),
(3374,	'pdf',	'offer',	744,	1,	's:106:\"a:4:{s:6:\"module\";s:8:\"invoices\";s:10:\"controller\";s:5:\"index\";s:6:\"action\";s:3:\"pdf\";s:2:\"id\";s:3:\"744\";}\";',	'2012-11-23 02:14:28'),
(3375,	'pdf',	'offer',	744,	1,	's:106:\"a:4:{s:6:\"module\";s:8:\"invoices\";s:10:\"controller\";s:5:\"index\";s:6:\"action\";s:3:\"pdf\";s:2:\"id\";s:3:\"744\";}\";',	'2012-11-23 02:15:41'),
(3376,	'pdf',	'invoice',	738,	2,	's:106:\"a:4:{s:6:\"module\";s:8:\"invoices\";s:10:\"controller\";s:5:\"index\";s:6:\"action\";s:3:\"pdf\";s:2:\"id\";s:3:\"738\";}\";',	'2012-11-23 02:15:48'),
(3377,	'pdf',	'offer',	744,	1,	's:106:\"a:4:{s:6:\"module\";s:8:\"invoices\";s:10:\"controller\";s:5:\"index\";s:6:\"action\";s:3:\"pdf\";s:2:\"id\";s:3:\"744\";}\";',	'2012-11-23 02:16:29'),
(3378,	'pdf',	'invoice',	738,	2,	's:106:\"a:4:{s:6:\"module\";s:8:\"invoices\";s:10:\"controller\";s:5:\"index\";s:6:\"action\";s:3:\"pdf\";s:2:\"id\";s:3:\"738\";}\";',	'2012-11-23 02:16:32'),
(3379,	'pdf',	'offer',	744,	1,	's:106:\"a:4:{s:6:\"module\";s:8:\"invoices\";s:10:\"controller\";s:5:\"index\";s:6:\"action\";s:3:\"pdf\";s:2:\"id\";s:3:\"744\";}\";',	'2012-11-23 02:17:22'),
(3380,	'pdf',	'offer',	744,	1,	's:106:\"a:4:{s:6:\"module\";s:8:\"invoices\";s:10:\"controller\";s:5:\"index\";s:6:\"action\";s:3:\"pdf\";s:2:\"id\";s:3:\"744\";}\";',	'2012-11-23 02:17:50'),
(3381,	'pdf',	'offer',	744,	1,	's:106:\"a:4:{s:6:\"module\";s:8:\"invoices\";s:10:\"controller\";s:5:\"index\";s:6:\"action\";s:3:\"pdf\";s:2:\"id\";s:3:\"744\";}\";',	'2012-11-23 02:18:48'),
(3382,	'pdf',	'offer',	744,	1,	's:106:\"a:4:{s:6:\"module\";s:8:\"invoices\";s:10:\"controller\";s:5:\"index\";s:6:\"action\";s:3:\"pdf\";s:2:\"id\";s:3:\"744\";}\";',	'2012-11-23 02:19:01'),
(3383,	'pdf',	'offer',	744,	1,	's:106:\"a:4:{s:6:\"module\";s:8:\"invoices\";s:10:\"controller\";s:5:\"index\";s:6:\"action\";s:3:\"pdf\";s:2:\"id\";s:3:\"744\";}\";',	'2012-11-23 02:19:13'),
(3384,	'pdf',	'offer',	744,	1,	's:106:\"a:4:{s:6:\"module\";s:8:\"invoices\";s:10:\"controller\";s:5:\"index\";s:6:\"action\";s:3:\"pdf\";s:2:\"id\";s:3:\"744\";}\";',	'2012-11-23 02:20:04'),
(3385,	'duplicate',	'offer',	744,	1,	's:112:\"a:4:{s:6:\"module\";s:8:\"invoices\";s:10:\"controller\";s:5:\"index\";s:6:\"action\";s:9:\"duplicate\";s:2:\"id\";s:3:\"744\";}\";',	'2012-11-23 02:20:45'),
(3386,	'edit',	'offer',	746,	1,	's:106:\"a:4:{s:6:\"module\";s:8:\"invoices\";s:10:\"controller\";s:5:\"index\";s:6:\"action\";s:3:\"new\";s:2:\"id\";s:3:\"746\";}\";',	'2012-11-23 02:20:45'),
(3387,	'edit',	'offer',	744,	1,	's:124:\"a:5:{s:6:\"module\";s:6:\"offers\";s:10:\"controller\";s:5:\"index\";s:6:\"action\";s:4:\"edit\";s:2:\"id\";s:3:\"744\";s:8:\"proforma\";i:1;}\";',	'2012-11-23 02:20:47'),
(3388,	'pdf',	'offer',	744,	1,	's:106:\"a:4:{s:6:\"module\";s:8:\"invoices\";s:10:\"controller\";s:5:\"index\";s:6:\"action\";s:3:\"pdf\";s:2:\"id\";s:3:\"744\";}\";',	'2012-11-23 02:20:50'),
(3389,	'pdf',	'offer',	744,	1,	's:106:\"a:4:{s:6:\"module\";s:8:\"invoices\";s:10:\"controller\";s:5:\"index\";s:6:\"action\";s:3:\"pdf\";s:2:\"id\";s:3:\"744\";}\";',	'2012-11-23 02:21:10'),
(3390,	'pdf',	'offer',	744,	1,	's:106:\"a:4:{s:6:\"module\";s:8:\"invoices\";s:10:\"controller\";s:5:\"index\";s:6:\"action\";s:3:\"pdf\";s:2:\"id\";s:3:\"744\";}\";',	'2012-11-23 02:21:35'),
(3391,	'view',	'invoice',	738,	2,	's:107:\"a:4:{s:6:\"module\";s:8:\"invoices\";s:10:\"controller\";s:5:\"index\";s:6:\"action\";s:4:\"view\";s:2:\"id\";s:3:\"738\";}\";',	'2012-11-23 02:23:32'),
(3392,	'pdf',	'invoice',	738,	2,	's:106:\"a:4:{s:6:\"module\";s:8:\"invoices\";s:10:\"controller\";s:5:\"index\";s:6:\"action\";s:3:\"pdf\";s:2:\"id\";s:3:\"738\";}\";',	'2012-11-23 02:23:34'),
(3393,	'pdf',	'offer',	744,	1,	's:106:\"a:4:{s:6:\"module\";s:8:\"invoices\";s:10:\"controller\";s:5:\"index\";s:6:\"action\";s:3:\"pdf\";s:2:\"id\";s:3:\"744\";}\";',	'2012-11-23 02:24:05'),
(3394,	'pdf',	'offer',	744,	1,	's:106:\"a:4:{s:6:\"module\";s:8:\"invoices\";s:10:\"controller\";s:5:\"index\";s:6:\"action\";s:3:\"pdf\";s:2:\"id\";s:3:\"744\";}\";',	'2012-11-23 02:24:52'),
(3395,	'pdf',	'offer',	744,	1,	's:106:\"a:4:{s:6:\"module\";s:8:\"invoices\";s:10:\"controller\";s:5:\"index\";s:6:\"action\";s:3:\"pdf\";s:2:\"id\";s:3:\"744\";}\";',	'2012-11-23 02:26:03'),
(3396,	'pdf',	'offer',	744,	1,	's:106:\"a:4:{s:6:\"module\";s:8:\"invoices\";s:10:\"controller\";s:5:\"index\";s:6:\"action\";s:3:\"pdf\";s:2:\"id\";s:3:\"744\";}\";',	'2012-11-23 02:27:01'),
(3397,	'pdf',	'offer',	744,	1,	's:106:\"a:4:{s:6:\"module\";s:8:\"invoices\";s:10:\"controller\";s:5:\"index\";s:6:\"action\";s:3:\"pdf\";s:2:\"id\";s:3:\"744\";}\";',	'2012-11-23 02:27:23'),
(3398,	'pdf',	'invoice',	738,	2,	's:106:\"a:4:{s:6:\"module\";s:8:\"invoices\";s:10:\"controller\";s:5:\"index\";s:6:\"action\";s:3:\"pdf\";s:2:\"id\";s:3:\"738\";}\";',	'2012-11-23 02:28:31'),
(3399,	'pdf',	'invoice',	738,	2,	's:106:\"a:4:{s:6:\"module\";s:8:\"invoices\";s:10:\"controller\";s:5:\"index\";s:6:\"action\";s:3:\"pdf\";s:2:\"id\";s:3:\"738\";}\";',	'2012-11-23 02:29:15'),
(3400,	'index',	'invoice',	NULL,	2,	's:89:\"a:3:{s:6:\"module\";s:8:\"invoices\";s:10:\"controller\";s:5:\"index\";s:6:\"action\";s:5:\"index\";}\";',	'2012-11-23 02:37:42'),
(3401,	'edit',	'offer',	744,	1,	's:124:\"a:5:{s:6:\"module\";s:6:\"offers\";s:10:\"controller\";s:5:\"index\";s:6:\"action\";s:4:\"edit\";s:2:\"id\";s:3:\"744\";s:8:\"proforma\";i:1;}\";',	'2012-11-23 02:43:24'),
(3402,	'index',	'contact',	NULL,	2,	's:89:\"a:3:{s:6:\"module\";s:8:\"contacts\";s:10:\"controller\";s:5:\"index\";s:6:\"action\";s:5:\"index\";}\";',	'2012-11-23 02:45:36'),
(3403,	'export-contacts',	'contact',	NULL,	2,	's:100:\"a:3:{s:6:\"module\";s:8:\"contacts\";s:10:\"controller\";s:5:\"index\";s:6:\"action\";s:15:\"export-contacts\";}\";',	'2012-11-23 02:45:42'),
(3404,	'index',	'wholesaler',	NULL,	1,	's:93:\"a:3:{s:6:\"module\";s:11:\"wholesalers\";s:10:\"controller\";s:5:\"index\";s:6:\"action\";s:5:\"index\";}\";',	'2012-11-23 02:45:42'),
(3405,	'index',	'stock',	NULL,	2,	's:86:\"a:3:{s:6:\"module\";s:5:\"stock\";s:10:\"controller\";s:5:\"index\";s:6:\"action\";s:5:\"index\";}\";',	'2012-11-23 02:45:45'),
(3406,	'index',	'employee',	NULL,	2,	's:90:\"a:3:{s:6:\"module\";s:9:\"employees\";s:10:\"controller\";s:5:\"index\";s:6:\"action\";s:5:\"index\";}\";',	'2012-11-23 02:45:48'),
(3407,	'new',	'purchase',	81,	1,	's:88:\"a:3:{s:6:\"module\";s:9:\"purchases\";s:10:\"controller\";s:5:\"index\";s:6:\"action\";s:3:\"new\";}\";',	'2012-11-23 02:48:00'),
(3408,	'edit',	'purchase',	81,	1,	's:122:\"a:5:{s:6:\"module\";s:9:\"purchases\";s:10:\"controller\";s:5:\"index\";s:6:\"action\";s:4:\"edit\";s:2:\"id\";s:2:\"81\";s:4:\"edit\";i:1;}\";',	'2012-11-23 02:48:00'),
(3409,	'edit',	'purchase',	81,	1,	's:122:\"a:5:{s:6:\"module\";s:9:\"purchases\";s:10:\"controller\";s:5:\"index\";s:6:\"action\";s:4:\"edit\";s:2:\"id\";s:2:\"81\";s:4:\"edit\";i:1;}\";',	'2012-11-23 02:48:43'),
(3410,	'edit',	'purchase',	81,	1,	's:122:\"a:5:{s:6:\"module\";s:9:\"purchases\";s:10:\"controller\";s:5:\"index\";s:6:\"action\";s:4:\"edit\";s:2:\"id\";s:2:\"81\";s:4:\"edit\";i:1;}\";',	'2012-11-23 02:49:06'),
(3411,	'index',	'offer',	NULL,	1,	's:106:\"a:4:{s:6:\"module\";s:6:\"offers\";s:10:\"controller\";s:5:\"index\";s:6:\"action\";s:5:\"index\";s:8:\"proforma\";i:1;}\";',	'2012-11-23 02:49:20'),
(3412,	'new',	'offer',	747,	1,	's:104:\"a:4:{s:6:\"module\";s:6:\"offers\";s:10:\"controller\";s:5:\"index\";s:6:\"action\";s:3:\"new\";s:8:\"proforma\";i:1;}\";',	'2012-11-23 02:49:24'),
(3413,	'edit',	'offer',	747,	1,	's:124:\"a:5:{s:6:\"module\";s:6:\"offers\";s:10:\"controller\";s:5:\"index\";s:6:\"action\";s:4:\"edit\";s:2:\"id\";s:3:\"747\";s:8:\"proforma\";i:1;}\";',	'2012-11-23 02:49:24'),
(3414,	'edit',	'offer',	747,	1,	's:124:\"a:5:{s:6:\"module\";s:6:\"offers\";s:10:\"controller\";s:5:\"index\";s:6:\"action\";s:4:\"edit\";s:2:\"id\";s:3:\"747\";s:8:\"proforma\";i:1;}\";',	'2012-11-23 02:50:13'),
(3415,	'index',	'invoice',	NULL,	2,	's:89:\"a:3:{s:6:\"module\";s:8:\"invoices\";s:10:\"controller\";s:5:\"index\";s:6:\"action\";s:5:\"index\";}\";',	'2012-11-23 02:50:38'),
(3416,	'index',	'offer',	NULL,	2,	's:106:\"a:4:{s:6:\"module\";s:6:\"offers\";s:10:\"controller\";s:5:\"index\";s:6:\"action\";s:5:\"index\";s:8:\"proforma\";i:1;}\";',	'2012-11-23 02:50:43'),
(3417,	'edit',	'offer',	747,	1,	's:124:\"a:5:{s:6:\"module\";s:6:\"offers\";s:10:\"controller\";s:5:\"index\";s:6:\"action\";s:4:\"edit\";s:2:\"id\";s:3:\"747\";s:8:\"proforma\";i:1;}\";',	'2012-11-23 02:51:07'),
(3418,	'edit',	'offer',	747,	1,	's:124:\"a:5:{s:6:\"module\";s:6:\"offers\";s:10:\"controller\";s:5:\"index\";s:6:\"action\";s:4:\"edit\";s:2:\"id\";s:3:\"747\";s:8:\"proforma\";i:1;}\";',	'2012-11-23 02:51:20'),
(3419,	'index',	'offer',	NULL,	1,	's:106:\"a:4:{s:6:\"module\";s:6:\"offers\";s:10:\"controller\";s:5:\"index\";s:6:\"action\";s:5:\"index\";s:8:\"proforma\";i:1;}\";',	'2012-11-23 02:51:50'),
(3420,	'index',	'offer',	NULL,	1,	's:106:\"a:4:{s:6:\"module\";s:6:\"offers\";s:10:\"controller\";s:5:\"index\";s:6:\"action\";s:5:\"index\";s:8:\"proforma\";i:1;}\";',	'2012-11-23 02:53:41'),
(3421,	'index',	'offer',	NULL,	1,	's:106:\"a:4:{s:6:\"module\";s:6:\"offers\";s:10:\"controller\";s:5:\"index\";s:6:\"action\";s:5:\"index\";s:8:\"proforma\";i:1;}\";',	'2012-11-23 02:54:22'),
(3422,	'index',	'offer',	NULL,	1,	's:106:\"a:4:{s:6:\"module\";s:6:\"offers\";s:10:\"controller\";s:5:\"index\";s:6:\"action\";s:5:\"index\";s:8:\"proforma\";i:1;}\";',	'2012-11-23 02:55:00'),
(3423,	'edit',	'offer',	747,	1,	's:123:\"a:5:{s:6:\"module\";s:6:\"offers\";s:10:\"controller\";s:5:\"index\";s:6:\"action\";s:3:\"new\";s:2:\"id\";s:3:\"747\";s:8:\"proforma\";i:1;}\";',	'2012-11-23 02:55:48'),
(3424,	'proforma-status',	'offer',	747,	1,	's:146:\"a:5:{s:6:\"module\";s:8:\"invoices\";s:10:\"controller\";s:5:\"index\";s:6:\"action\";s:15:\"proforma-status\";s:6:\"status\";s:7:\"invoice\";s:2:\"id\";s:3:\"747\";}\";',	'2012-11-23 02:55:52'),
(3425,	'edit',	'invoice',	748,	1,	's:107:\"a:4:{s:6:\"module\";s:8:\"invoices\";s:10:\"controller\";s:5:\"index\";s:6:\"action\";s:4:\"edit\";s:2:\"id\";s:3:\"748\";}\";',	'2012-11-23 02:55:52'),
(3426,	'index',	'offer',	NULL,	1,	's:106:\"a:4:{s:6:\"module\";s:6:\"offers\";s:10:\"controller\";s:5:\"index\";s:6:\"action\";s:5:\"index\";s:8:\"proforma\";i:1;}\";',	'2012-11-23 02:55:56'),
(3427,	'index',	'invoice',	NULL,	1,	's:89:\"a:3:{s:6:\"module\";s:8:\"invoices\";s:10:\"controller\";s:5:\"index\";s:6:\"action\";s:5:\"index\";}\";',	'2012-11-23 02:56:06'),
(3428,	'index',	'offer',	NULL,	1,	's:106:\"a:4:{s:6:\"module\";s:6:\"offers\";s:10:\"controller\";s:5:\"index\";s:6:\"action\";s:5:\"index\";s:8:\"proforma\";i:1;}\";',	'2012-11-23 02:56:11'),
(3429,	'edit',	'offer',	747,	1,	's:123:\"a:5:{s:6:\"module\";s:6:\"offers\";s:10:\"controller\";s:5:\"index\";s:6:\"action\";s:3:\"new\";s:2:\"id\";s:3:\"747\";s:8:\"proforma\";i:1;}\";',	'2012-11-23 02:56:24'),
(3430,	'edit',	'offer',	747,	1,	's:123:\"a:5:{s:6:\"module\";s:6:\"offers\";s:10:\"controller\";s:5:\"index\";s:6:\"action\";s:3:\"new\";s:2:\"id\";s:3:\"747\";s:8:\"proforma\";i:1;}\";',	'2012-11-23 02:56:52'),
(3431,	'edit',	'offer',	747,	1,	's:123:\"a:5:{s:6:\"module\";s:6:\"offers\";s:10:\"controller\";s:5:\"index\";s:6:\"action\";s:3:\"new\";s:2:\"id\";s:3:\"747\";s:8:\"proforma\";i:1;}\";',	'2012-11-23 02:58:08'),
(3432,	'edit',	'offer',	747,	1,	's:123:\"a:5:{s:6:\"module\";s:6:\"offers\";s:10:\"controller\";s:5:\"index\";s:6:\"action\";s:3:\"new\";s:2:\"id\";s:3:\"747\";s:8:\"proforma\";i:1;}\";',	'2012-11-23 02:58:22'),
(3433,	'edit',	'offer',	747,	1,	's:123:\"a:5:{s:6:\"module\";s:6:\"offers\";s:10:\"controller\";s:5:\"index\";s:6:\"action\";s:3:\"new\";s:2:\"id\";s:3:\"747\";s:8:\"proforma\";i:1;}\";',	'2012-11-23 02:58:54'),
(3434,	'edit',	'offer',	747,	1,	's:123:\"a:5:{s:6:\"module\";s:6:\"offers\";s:10:\"controller\";s:5:\"index\";s:6:\"action\";s:3:\"new\";s:2:\"id\";s:3:\"747\";s:8:\"proforma\";i:1;}\";',	'2012-11-23 02:59:44'),
(3435,	'edit',	'offer',	747,	1,	's:123:\"a:5:{s:6:\"module\";s:6:\"offers\";s:10:\"controller\";s:5:\"index\";s:6:\"action\";s:3:\"new\";s:2:\"id\";s:3:\"747\";s:8:\"proforma\";i:1;}\";',	'2012-11-23 03:00:12'),
(3436,	'edit',	'offer',	747,	1,	's:123:\"a:5:{s:6:\"module\";s:6:\"offers\";s:10:\"controller\";s:5:\"index\";s:6:\"action\";s:3:\"new\";s:2:\"id\";s:3:\"747\";s:8:\"proforma\";i:1;}\";',	'2012-11-23 03:00:49'),
(3437,	'edit',	'offer',	747,	1,	's:123:\"a:5:{s:6:\"module\";s:6:\"offers\";s:10:\"controller\";s:5:\"index\";s:6:\"action\";s:3:\"new\";s:2:\"id\";s:3:\"747\";s:8:\"proforma\";i:1;}\";',	'2012-11-23 03:02:06'),
(3438,	'edit',	'offer',	747,	1,	's:123:\"a:5:{s:6:\"module\";s:6:\"offers\";s:10:\"controller\";s:5:\"index\";s:6:\"action\";s:3:\"new\";s:2:\"id\";s:3:\"747\";s:8:\"proforma\";i:1;}\";',	'2012-11-23 03:02:51'),
(3439,	'edit',	'offer',	747,	1,	's:123:\"a:5:{s:6:\"module\";s:6:\"offers\";s:10:\"controller\";s:5:\"index\";s:6:\"action\";s:3:\"new\";s:2:\"id\";s:3:\"747\";s:8:\"proforma\";i:1;}\";',	'2012-11-23 03:04:18'),
(3440,	'edit',	'offer',	747,	1,	's:123:\"a:5:{s:6:\"module\";s:6:\"offers\";s:10:\"controller\";s:5:\"index\";s:6:\"action\";s:3:\"new\";s:2:\"id\";s:3:\"747\";s:8:\"proforma\";i:1;}\";',	'2012-11-23 03:04:37'),
(3441,	'edit',	'offer',	747,	1,	's:123:\"a:5:{s:6:\"module\";s:6:\"offers\";s:10:\"controller\";s:5:\"index\";s:6:\"action\";s:3:\"new\";s:2:\"id\";s:3:\"747\";s:8:\"proforma\";i:1;}\";',	'2012-11-23 03:07:34'),
(3442,	'edit',	'offer',	747,	1,	's:123:\"a:5:{s:6:\"module\";s:6:\"offers\";s:10:\"controller\";s:5:\"index\";s:6:\"action\";s:3:\"new\";s:2:\"id\";s:3:\"747\";s:8:\"proforma\";i:1;}\";',	'2012-11-23 03:08:08'),
(3443,	'edit',	'offer',	747,	1,	's:123:\"a:5:{s:6:\"module\";s:6:\"offers\";s:10:\"controller\";s:5:\"index\";s:6:\"action\";s:3:\"new\";s:2:\"id\";s:3:\"747\";s:8:\"proforma\";i:1;}\";',	'2012-11-23 03:09:32'),
(3444,	'edit',	'offer',	747,	1,	's:123:\"a:5:{s:6:\"module\";s:6:\"offers\";s:10:\"controller\";s:5:\"index\";s:6:\"action\";s:3:\"new\";s:2:\"id\";s:3:\"747\";s:8:\"proforma\";i:1;}\";',	'2012-11-23 03:10:34'),
(3445,	'edit',	'offer',	747,	1,	's:123:\"a:5:{s:6:\"module\";s:6:\"offers\";s:10:\"controller\";s:5:\"index\";s:6:\"action\";s:3:\"new\";s:2:\"id\";s:3:\"747\";s:8:\"proforma\";i:1;}\";',	'2012-11-23 03:10:52'),
(3446,	'edit',	'offer',	747,	1,	's:123:\"a:5:{s:6:\"module\";s:6:\"offers\";s:10:\"controller\";s:5:\"index\";s:6:\"action\";s:3:\"new\";s:2:\"id\";s:3:\"747\";s:8:\"proforma\";i:1;}\";',	'2012-11-23 03:11:09'),
(3447,	'edit',	'offer',	747,	1,	's:123:\"a:5:{s:6:\"module\";s:6:\"offers\";s:10:\"controller\";s:5:\"index\";s:6:\"action\";s:3:\"new\";s:2:\"id\";s:3:\"747\";s:8:\"proforma\";i:1;}\";',	'2012-11-23 03:11:20'),
(3448,	'edit',	'offer',	747,	1,	's:123:\"a:5:{s:6:\"module\";s:6:\"offers\";s:10:\"controller\";s:5:\"index\";s:6:\"action\";s:3:\"new\";s:2:\"id\";s:3:\"747\";s:8:\"proforma\";i:1;}\";',	'2012-11-23 03:11:30'),
(3449,	'edit',	'offer',	747,	1,	's:123:\"a:5:{s:6:\"module\";s:6:\"offers\";s:10:\"controller\";s:5:\"index\";s:6:\"action\";s:3:\"new\";s:2:\"id\";s:3:\"747\";s:8:\"proforma\";i:1;}\";',	'2012-11-23 03:12:00'),
(3450,	'index',	'invoice',	NULL,	2,	's:89:\"a:3:{s:6:\"module\";s:8:\"invoices\";s:10:\"controller\";s:5:\"index\";s:6:\"action\";s:5:\"index\";}\";',	'2012-11-23 03:12:45'),
(3451,	'new',	'invoice',	749,	1,	's:87:\"a:3:{s:6:\"module\";s:8:\"invoices\";s:10:\"controller\";s:5:\"index\";s:6:\"action\";s:3:\"new\";}\";',	'2012-11-23 03:13:17'),
(3452,	'edit',	'invoice',	749,	1,	's:107:\"a:4:{s:6:\"module\";s:8:\"invoices\";s:10:\"controller\";s:5:\"index\";s:6:\"action\";s:4:\"edit\";s:2:\"id\";s:3:\"749\";}\";',	'2012-11-23 03:13:17'),
(3453,	'edit',	'invoice',	749,	1,	's:107:\"a:4:{s:6:\"module\";s:8:\"invoices\";s:10:\"controller\";s:5:\"index\";s:6:\"action\";s:4:\"edit\";s:2:\"id\";s:3:\"749\";}\";',	'2012-11-23 03:13:28'),
(3454,	'edit',	'invoice',	740,	2,	's:106:\"a:4:{s:6:\"module\";s:8:\"invoices\";s:10:\"controller\";s:5:\"index\";s:6:\"action\";s:3:\"new\";s:2:\"id\";s:3:\"740\";}\";',	'2012-11-23 03:15:15'),
(3455,	'pdf',	'invoice',	740,	2,	's:106:\"a:4:{s:6:\"module\";s:8:\"invoices\";s:10:\"controller\";s:5:\"index\";s:6:\"action\";s:3:\"pdf\";s:2:\"id\";s:3:\"740\";}\";',	'2012-11-23 03:15:17'),
(3456,	'edit',	'invoice',	740,	2,	's:106:\"a:4:{s:6:\"module\";s:8:\"invoices\";s:10:\"controller\";s:5:\"index\";s:6:\"action\";s:3:\"new\";s:2:\"id\";s:3:\"740\";}\";',	'2012-11-23 03:15:45'),
(3457,	'edit',	'invoice',	749,	1,	's:107:\"a:4:{s:6:\"module\";s:8:\"invoices\";s:10:\"controller\";s:5:\"index\";s:6:\"action\";s:4:\"edit\";s:2:\"id\";s:3:\"749\";}\";',	'2012-11-23 03:15:58'),
(3458,	'edit',	'invoice',	749,	1,	's:107:\"a:4:{s:6:\"module\";s:8:\"invoices\";s:10:\"controller\";s:5:\"index\";s:6:\"action\";s:4:\"edit\";s:2:\"id\";s:3:\"749\";}\";',	'2012-11-23 03:16:14'),
(3459,	'edit',	'invoice',	749,	1,	's:107:\"a:4:{s:6:\"module\";s:8:\"invoices\";s:10:\"controller\";s:5:\"index\";s:6:\"action\";s:4:\"edit\";s:2:\"id\";s:3:\"749\";}\";',	'2012-11-23 03:16:36'),
(3460,	'edit',	'invoice',	749,	1,	's:107:\"a:4:{s:6:\"module\";s:8:\"invoices\";s:10:\"controller\";s:5:\"index\";s:6:\"action\";s:4:\"edit\";s:2:\"id\";s:3:\"749\";}\";',	'2012-11-23 03:16:43'),
(3461,	'edit',	'invoice',	749,	1,	's:107:\"a:4:{s:6:\"module\";s:8:\"invoices\";s:10:\"controller\";s:5:\"index\";s:6:\"action\";s:4:\"edit\";s:2:\"id\";s:3:\"749\";}\";',	'2012-11-23 03:17:39'),
(3462,	'edit',	'invoice',	749,	1,	's:107:\"a:4:{s:6:\"module\";s:8:\"invoices\";s:10:\"controller\";s:5:\"index\";s:6:\"action\";s:4:\"edit\";s:2:\"id\";s:3:\"749\";}\";',	'2012-11-23 03:18:30'),
(3463,	'edit',	'invoice',	749,	1,	's:107:\"a:4:{s:6:\"module\";s:8:\"invoices\";s:10:\"controller\";s:5:\"index\";s:6:\"action\";s:4:\"edit\";s:2:\"id\";s:3:\"749\";}\";',	'2012-11-23 03:18:37'),
(3464,	'edit',	'invoice',	740,	2,	's:106:\"a:4:{s:6:\"module\";s:8:\"invoices\";s:10:\"controller\";s:5:\"index\";s:6:\"action\";s:3:\"new\";s:2:\"id\";s:3:\"740\";}\";',	'2012-11-23 03:35:16'),
(3465,	'edit',	'invoice',	740,	2,	's:106:\"a:4:{s:6:\"module\";s:8:\"invoices\";s:10:\"controller\";s:5:\"index\";s:6:\"action\";s:3:\"new\";s:2:\"id\";s:3:\"740\";}\";',	'2012-11-23 03:36:55'),
(3466,	'edit',	'invoice',	740,	2,	's:106:\"a:4:{s:6:\"module\";s:8:\"invoices\";s:10:\"controller\";s:5:\"index\";s:6:\"action\";s:3:\"new\";s:2:\"id\";s:3:\"740\";}\";',	'2012-11-23 03:36:59'),
(3467,	'edit',	'invoice',	740,	2,	's:106:\"a:4:{s:6:\"module\";s:8:\"invoices\";s:10:\"controller\";s:5:\"index\";s:6:\"action\";s:3:\"new\";s:2:\"id\";s:3:\"740\";}\";',	'2012-11-23 03:37:54'),
(3468,	'edit',	'invoice',	749,	1,	's:107:\"a:4:{s:6:\"module\";s:8:\"invoices\";s:10:\"controller\";s:5:\"index\";s:6:\"action\";s:4:\"edit\";s:2:\"id\";s:3:\"749\";}\";',	'2012-11-23 03:38:44'),
(3469,	'edit',	'invoice',	749,	1,	's:107:\"a:4:{s:6:\"module\";s:8:\"invoices\";s:10:\"controller\";s:5:\"index\";s:6:\"action\";s:4:\"edit\";s:2:\"id\";s:3:\"749\";}\";',	'2012-11-23 03:39:15'),
(3470,	'edit',	'invoice',	749,	1,	's:107:\"a:4:{s:6:\"module\";s:8:\"invoices\";s:10:\"controller\";s:5:\"index\";s:6:\"action\";s:4:\"edit\";s:2:\"id\";s:3:\"749\";}\";',	'2012-11-23 03:39:30'),
(3471,	'edit',	'invoice',	749,	1,	's:107:\"a:4:{s:6:\"module\";s:8:\"invoices\";s:10:\"controller\";s:5:\"index\";s:6:\"action\";s:4:\"edit\";s:2:\"id\";s:3:\"749\";}\";',	'2012-11-23 03:39:43'),
(3472,	'edit',	'invoice',	740,	2,	's:106:\"a:4:{s:6:\"module\";s:8:\"invoices\";s:10:\"controller\";s:5:\"index\";s:6:\"action\";s:3:\"new\";s:2:\"id\";s:3:\"740\";}\";',	'2012-11-23 03:40:08'),
(3473,	'index',	'offer',	NULL,	2,	's:106:\"a:4:{s:6:\"module\";s:6:\"offers\";s:10:\"controller\";s:5:\"index\";s:6:\"action\";s:5:\"index\";s:8:\"proforma\";i:1;}\";',	'2012-11-23 03:40:17'),
(3474,	'edit',	'invoice',	749,	1,	's:107:\"a:4:{s:6:\"module\";s:8:\"invoices\";s:10:\"controller\";s:5:\"index\";s:6:\"action\";s:4:\"edit\";s:2:\"id\";s:3:\"749\";}\";',	'2012-11-23 03:40:22'),
(3475,	'delete',	'offer',	746,	2,	's:131:\"a:4:{s:6:\"module\";s:8:\"invoices\";s:10:\"controller\";s:5:\"index\";s:6:\"action\";s:11:\"bulk-delete\";s:8:\"invoices\";a:1:{i:0;s:3:\"746\";}}\";',	'2012-11-23 03:40:30'),
(3476,	'index',	'offer',	NULL,	2,	's:106:\"a:4:{s:6:\"module\";s:6:\"offers\";s:10:\"controller\";s:5:\"index\";s:6:\"action\";s:5:\"index\";s:8:\"proforma\";i:1;}\";',	'2012-11-23 03:40:30'),
(3477,	'index',	'offer',	NULL,	2,	's:106:\"a:4:{s:6:\"module\";s:6:\"offers\";s:10:\"controller\";s:5:\"index\";s:6:\"action\";s:5:\"index\";s:8:\"proforma\";i:1;}\";',	'2012-11-23 03:42:20'),
(3478,	'index',	'offer',	NULL,	2,	's:106:\"a:4:{s:6:\"module\";s:6:\"offers\";s:10:\"controller\";s:5:\"index\";s:6:\"action\";s:5:\"index\";s:8:\"proforma\";i:1;}\";',	'2012-11-23 03:42:21'),
(3479,	'bulk-email',	'invoice',	NULL,	2,	's:130:\"a:4:{s:6:\"module\";s:8:\"invoices\";s:10:\"controller\";s:5:\"index\";s:6:\"action\";s:10:\"bulk-email\";s:8:\"invoices\";a:1:{i:0;s:3:\"747\";}}\";',	'2012-11-23 03:42:29'),
(3480,	'index',	'offer',	NULL,	2,	's:106:\"a:4:{s:6:\"module\";s:6:\"offers\";s:10:\"controller\";s:5:\"index\";s:6:\"action\";s:5:\"index\";s:8:\"proforma\";i:1;}\";',	'2012-11-23 03:42:29'),
(3481,	'edit',	'offer',	747,	2,	's:123:\"a:5:{s:6:\"module\";s:6:\"offers\";s:10:\"controller\";s:5:\"index\";s:6:\"action\";s:3:\"new\";s:2:\"id\";s:3:\"747\";s:8:\"proforma\";i:1;}\";',	'2012-11-23 03:42:36'),
(3482,	'index',	'offer',	NULL,	2,	's:106:\"a:4:{s:6:\"module\";s:6:\"offers\";s:10:\"controller\";s:5:\"index\";s:6:\"action\";s:5:\"index\";s:8:\"proforma\";i:1;}\";',	'2012-11-23 03:42:38'),
(3483,	'bulk-email',	'invoice',	NULL,	2,	's:130:\"a:4:{s:6:\"module\";s:8:\"invoices\";s:10:\"controller\";s:5:\"index\";s:6:\"action\";s:10:\"bulk-email\";s:8:\"invoices\";a:1:{i:0;s:3:\"744\";}}\";',	'2012-11-23 03:42:42'),
(3484,	'email',	'offer',	744,	2,	's:130:\"a:4:{s:6:\"module\";s:8:\"invoices\";s:10:\"controller\";s:5:\"index\";s:6:\"action\";s:10:\"bulk-email\";s:8:\"invoices\";a:1:{i:0;s:3:\"744\";}}\";',	'2012-11-23 03:42:43'),
(3485,	'bulk-email',	'invoice',	NULL,	2,	's:130:\"a:4:{s:6:\"module\";s:8:\"invoices\";s:10:\"controller\";s:5:\"index\";s:6:\"action\";s:10:\"bulk-email\";s:8:\"invoices\";a:1:{i:0;s:3:\"744\";}}\";',	'2012-11-23 03:42:49'),
(3486,	'email',	'offer',	744,	2,	's:130:\"a:4:{s:6:\"module\";s:8:\"invoices\";s:10:\"controller\";s:5:\"index\";s:6:\"action\";s:10:\"bulk-email\";s:8:\"invoices\";a:1:{i:0;s:3:\"744\";}}\";',	'2012-11-23 03:42:49'),
(3487,	'index',	'offer',	NULL,	2,	's:106:\"a:4:{s:6:\"module\";s:6:\"offers\";s:10:\"controller\";s:5:\"index\";s:6:\"action\";s:5:\"index\";s:8:\"proforma\";i:1;}\";',	'2012-11-23 03:42:54'),
(3488,	'view',	'offer',	744,	2,	's:124:\"a:5:{s:6:\"module\";s:6:\"offers\";s:10:\"controller\";s:5:\"index\";s:6:\"action\";s:4:\"view\";s:2:\"id\";s:3:\"744\";s:8:\"proforma\";i:1;}\";',	'2012-11-23 03:42:55'),
(3489,	'index',	'offer',	NULL,	2,	's:106:\"a:4:{s:6:\"module\";s:6:\"offers\";s:10:\"controller\";s:5:\"index\";s:6:\"action\";s:5:\"index\";s:8:\"proforma\";i:1;}\";',	'2012-11-23 03:43:03'),
(3490,	'bulk-pdf',	'invoice',	NULL,	2,	's:275:\"a:10:{s:6:\"module\";s:8:\"invoices\";s:10:\"controller\";s:5:\"index\";s:6:\"action\";s:8:\"bulk-pdf\";s:10:\"contact_id\";s:1:\"0\";s:5:\"pages\";a:1:{s:3:\"all\";s:1:\"0\";}s:6:\"credit\";s:1:\"0\";s:9:\"date_from\";s:0:\"\";s:7:\"date_to\";s:0:\"\";s:4:\"date\";s:0:\"\";s:8:\"invoices\";a:1:{i:743;s:3:\"743\";}}\";',	'2012-11-23 03:43:36'),
(3491,	'bulk-pdf',	'invoice',	NULL,	2,	's:307:\"a:10:{s:6:\"module\";s:8:\"invoices\";s:10:\"controller\";s:5:\"index\";s:6:\"action\";s:8:\"bulk-pdf\";s:10:\"contact_id\";s:1:\"0\";s:5:\"pages\";a:1:{s:3:\"all\";s:1:\"0\";}s:6:\"credit\";s:1:\"0\";s:9:\"date_from\";s:0:\"\";s:7:\"date_to\";s:0:\"\";s:4:\"date\";s:0:\"\";s:8:\"invoices\";a:3:{i:747;s:3:\"747\";i:743;s:3:\"743\";i:739;s:3:\"739\";}}\";',	'2012-11-23 03:43:48'),
(3492,	'bulk-pdf',	'invoice',	NULL,	2,	's:403:\"a:10:{s:6:\"module\";s:8:\"invoices\";s:10:\"controller\";s:5:\"index\";s:6:\"action\";s:8:\"bulk-pdf\";s:10:\"contact_id\";s:1:\"0\";s:5:\"pages\";a:1:{s:3:\"all\";s:1:\"0\";}s:6:\"credit\";s:1:\"0\";s:9:\"date_from\";s:0:\"\";s:7:\"date_to\";s:0:\"\";s:4:\"date\";s:0:\"\";s:8:\"invoices\";a:9:{i:747;s:3:\"747\";i:744;s:3:\"744\";i:743;s:3:\"743\";i:742;s:3:\"742\";i:741;s:3:\"741\";i:739;s:3:\"739\";i:737;s:3:\"737\";i:735;s:3:\"735\";i:732;s:3:\"732\";}}\";',	'2012-11-23 03:44:08'),
(3493,	'edit',	'offer',	747,	2,	's:123:\"a:5:{s:6:\"module\";s:6:\"offers\";s:10:\"controller\";s:5:\"index\";s:6:\"action\";s:3:\"new\";s:2:\"id\";s:3:\"747\";s:8:\"proforma\";i:1;}\";',	'2012-11-23 03:44:30'),
(3494,	'edit',	'offer',	747,	2,	's:123:\"a:5:{s:6:\"module\";s:6:\"offers\";s:10:\"controller\";s:5:\"index\";s:6:\"action\";s:3:\"new\";s:2:\"id\";s:3:\"747\";s:8:\"proforma\";i:1;}\";',	'2012-11-23 03:45:29'),
(3495,	'edit',	'offer',	747,	2,	's:123:\"a:5:{s:6:\"module\";s:6:\"offers\";s:10:\"controller\";s:5:\"index\";s:6:\"action\";s:3:\"new\";s:2:\"id\";s:3:\"747\";s:8:\"proforma\";i:1;}\";',	'2012-11-23 03:50:51'),
(3496,	'index',	'invoice',	NULL,	2,	's:89:\"a:3:{s:6:\"module\";s:8:\"invoices\";s:10:\"controller\";s:5:\"index\";s:6:\"action\";s:5:\"index\";}\";',	'2012-11-23 03:51:09'),
(3497,	'bulk-email',	'invoice',	NULL,	2,	's:130:\"a:4:{s:6:\"module\";s:8:\"invoices\";s:10:\"controller\";s:5:\"index\";s:6:\"action\";s:10:\"bulk-email\";s:8:\"invoices\";a:1:{i:0;s:3:\"748\";}}\";',	'2012-11-23 03:51:13'),
(3498,	'index',	'invoice',	NULL,	2,	's:89:\"a:3:{s:6:\"module\";s:8:\"invoices\";s:10:\"controller\";s:5:\"index\";s:6:\"action\";s:5:\"index\";}\";',	'2012-11-23 03:51:13'),
(3499,	'index',	'offer',	NULL,	2,	's:106:\"a:4:{s:6:\"module\";s:6:\"offers\";s:10:\"controller\";s:5:\"index\";s:6:\"action\";s:5:\"index\";s:8:\"proforma\";i:1;}\";',	'2012-11-23 03:52:11');

DROP TABLE IF EXISTS `contact`;
CREATE TABLE `contact` (
  `id` int(11) NOT NULL AUTO_INCREMENT,
  `firstname` varchar(200) DEFAULT NULL,
  `lastname` varchar(200) DEFAULT NULL,
  `company_name` varchar(200) DEFAULT NULL,
  `address` varchar(255) DEFAULT NULL,
  `postcode` varchar(255) DEFAULT NULL,
  `city` varchar(255) DEFAULT NULL,
  `country` varchar(255) DEFAULT NULL,
  `vat_number` varchar(255) DEFAULT NULL,
  `delivery_firstname` varchar(255) DEFAULT NULL,
  `delivery_lastname` varchar(255) DEFAULT NULL,
  `delivery_address` varchar(255) DEFAULT NULL,
  `delivery_postcode` varchar(255) DEFAULT NULL,
  `delivery_city` varchar(255) DEFAULT NULL,
  `delivery_country` varchar(255) DEFAULT NULL,
  `contact_person` varchar(255) DEFAULT NULL,
  `email_address` varchar(255) DEFAULT NULL,
  `phone1` varchar(255) DEFAULT NULL,
  `phone2` varchar(255) DEFAULT NULL,
  `cellphone` varchar(255) DEFAULT NULL,
  `days` varchar(255) DEFAULT NULL,
  `info` text,
  `role` varchar(255) DEFAULT NULL,
  PRIMARY KEY (`id`)
) TYPE=InnoDB;

INSERT INTO `contact` (`id`, `firstname`, `lastname`, `company_name`, `address`, `postcode`, `city`, `country`, `vat_number`, `delivery_firstname`, `delivery_lastname`, `delivery_address`, `delivery_postcode`, `delivery_city`, `delivery_country`, `contact_person`, `email_address`, `phone1`, `phone2`, `cellphone`, `days`, `info`, `role`) VALUES
(64,	'Anatoli',	'Vladev',	'Core Ltd',	'Tzar Osvoboditel',	'9700',	'Shumen',	'Bulgaria',	'BG123123124',	'',	'',	'',	'',	'',	'',	'',	'avladev@gmail.com',	'+359 883 54 08 24',	'',	'',	'||||||||||||||||||||||||||||||||||',	'',	'Boss'),
(76,	'John',	'Doe',	'Microsoft',	'Wall Street',	'NY 10005',	'New York',	'USA',	'',	'',	'',	'',	'',	'',	'',	'',	'john@dummy.com',	'(212) 742-8107',	'',	'',	'09:00|12:00|||||||||09:12|12:00|13:00|19:00|||||||||||||||||||||',	'<br><br><strike><u><b><i></i></b></u></strike>',	'Manager'),
(85,	'Ivan',	'Ivanov',	'City Scrape',	'Veliki Preslav 153',	'9700',	'Shumen',	'Bulgaria',	'',	'',	'',	'',	'',	'',	'',	'',	'',	'',	'',	'',	'||||||||||||||||||||||||||||||||||',	'',	'');

DROP TABLE IF EXISTS `contact_employee_map`;
CREATE TABLE `contact_employee_map` (
  `id` int(10) unsigned NOT NULL AUTO_INCREMENT,
  `contact_id` int(10) unsigned NOT NULL,
  `employee_id` int(10) unsigned NOT NULL,
  PRIMARY KEY (`id`)
) TYPE=InnoDB;

INSERT INTO `contact_employee_map` (`id`, `contact_id`, `employee_id`) VALUES
(3,	76,	1);

DROP TABLE IF EXISTS `contact_group`;
CREATE TABLE `contact_group` (
  `id` int(11) NOT NULL AUTO_INCREMENT,
  `name` varchar(255) DEFAULT NULL,
  PRIMARY KEY (`id`)
) TYPE=InnoDB;

INSERT INTO `contact_group` (`id`, `name`) VALUES
(13,	'Programmers'),
(14,	'Designers');

DROP TABLE IF EXISTS `contact_group_map`;
CREATE TABLE `contact_group_map` (
  `id` int(11) unsigned NOT NULL AUTO_INCREMENT,
  `contact_id` int(11) NOT NULL,
  `group_id` int(11) NOT NULL,
  PRIMARY KEY (`id`),
  UNIQUE KEY `id` (`id`),
  KEY `contact_id` (`contact_id`),
  KEY `group_id` (`group_id`),
  CONSTRAINT `contact_group_map_ibfk_3` FOREIGN KEY (`contact_id`) REFERENCES `contact` (`id`) ON DELETE NO ACTION ON UPDATE NO ACTION,
  CONSTRAINT `contact_group_map_ibfk_4` FOREIGN KEY (`group_id`) REFERENCES `contact_group` (`id`) ON DELETE NO ACTION ON UPDATE NO ACTION
) TYPE=InnoDB;

INSERT INTO `contact_group_map` (`id`, `contact_id`, `group_id`) VALUES
(37,	64,	13),
(38,	76,	13),
(41,	76,	14);

DROP TABLE IF EXISTS `employee`;
CREATE TABLE `employee` (
  `id` int(11) NOT NULL AUTO_INCREMENT,
  `firstname` varchar(200) DEFAULT NULL,
  `lastname` varchar(200) DEFAULT NULL,
  `address` varchar(255) DEFAULT NULL,
  `postcode` varchar(255) DEFAULT NULL,
  `city` varchar(255) DEFAULT NULL,
  `country` varchar(255) DEFAULT NULL,
  `email_address` varchar(255) DEFAULT NULL,
  `phone` varchar(255) DEFAULT NULL,
  `role` varchar(255) DEFAULT NULL,
  `username` varchar(255) DEFAULT NULL,
  `password` varchar(255) DEFAULT NULL,
  PRIMARY KEY (`id`)
) TYPE=InnoDB;

INSERT INTO `employee` (`id`, `firstname`, `lastname`, `address`, `postcode`, `city`, `country`, `email_address`, `phone`, `role`, `username`, `password`) VALUES
(1,	'Anatoli',	'Vladev',	'Tzar osvoboditel 53',	'9700',	'Shumen',	'Bulgaria',	'avladev@gmail.com',	'+359 883 54 08 24',	'Office manager',	'avladev',	'5b3bc9a828bcf16223b05d08250070399027b9d5'),
(2,	'Demo',	'Demo',	'',	'',	'',	'',	'',	'',	'Driver',	'demo',	'98cf271ff64b71be3d340727aaace187322bd1c6');

DROP TABLE IF EXISTS `employee_group`;
CREATE TABLE `employee_group` (
  `id` int(11) NOT NULL AUTO_INCREMENT,
  `name` varchar(255) DEFAULT NULL,
  PRIMARY KEY (`id`)
) TYPE=InnoDB;

INSERT INTO `employee_group` (`id`, `name`) VALUES
(1,	'Drivers'),
(2,	'Managers');

DROP TABLE IF EXISTS `employee_group_map`;
CREATE TABLE `employee_group_map` (
  `id` int(11) NOT NULL AUTO_INCREMENT,
  `employee_id` int(11) NOT NULL,
  `employee_group_id` int(11) NOT NULL,
  PRIMARY KEY (`id`),
  KEY `employee_id` (`employee_id`),
  KEY `employee_group_id` (`employee_group_id`),
  CONSTRAINT `employee_group_map_ibfk_4` FOREIGN KEY (`employee_id`) REFERENCES `employee` (`id`) ON DELETE NO ACTION ON UPDATE NO ACTION,
  CONSTRAINT `employee_group_map_ibfk_5` FOREIGN KEY (`employee_group_id`) REFERENCES `employee_group` (`id`) ON DELETE NO ACTION ON UPDATE NO ACTION
) TYPE=InnoDB;

INSERT INTO `employee_group_map` (`id`, `employee_id`, `employee_group_id`) VALUES
(2,	1,	1),
(3,	1,	2);

DROP TABLE IF EXISTS `employee_location`;
CREATE TABLE `employee_location` (
  `id` int(11) NOT NULL AUTO_INCREMENT,
  `employee_id` int(11) NOT NULL,
  `latitude` decimal(8,6) NOT NULL,
  `longitude` decimal(8,6) NOT NULL,
  `time` datetime NOT NULL,
  PRIMARY KEY (`id`)
) TYPE=InnoDB;


DROP TABLE IF EXISTS `employee_stock`;
CREATE TABLE `employee_stock` (
  `id` int(11) NOT NULL AUTO_INCREMENT,
  `employee_id` int(10) unsigned NOT NULL,
  `product_id` int(10) unsigned NOT NULL,
  `transit` int(11) NOT NULL,
  `reservation` int(11) NOT NULL,
  `reservation_pending` int(11) NOT NULL,
  PRIMARY KEY (`id`)
) TYPE=InnoDB;

INSERT INTO `employee_stock` (`id`, `employee_id`, `product_id`, `transit`, `reservation`, `reservation_pending`) VALUES
(18,	1,	1,	47,	0,	0),
(19,	1,	15,	50,	0,	0),
(20,	1,	2,	46,	0,	0),
(21,	2,	1,	200,	0,	0),
(22,	2,	15,	200,	0,	0),
(23,	2,	2,	200,	0,	0);

DROP TABLE IF EXISTS `invoice`;
CREATE TABLE `invoice` (
  `id` int(11) NOT NULL AUTO_INCREMENT,
  `number` varchar(200) DEFAULT NULL,
  `parent_invoice_id` int(11) unsigned DEFAULT NULL,
  `contact_id` int(11) unsigned DEFAULT NULL,
  `total_sum` decimal(10,2) unsigned DEFAULT NULL,
  `total_excl_vat` decimal(10,2) unsigned DEFAULT NULL,
  `vat_sum` decimal(10,2) unsigned DEFAULT NULL,
  `discount_sum` decimal(10,2) unsigned DEFAULT NULL,
  `discount` tinyint(3) unsigned NOT NULL,
  `invoice_time` date DEFAULT NULL,
  `paid_time` datetime NOT NULL,
  `expire_time` datetime NOT NULL,
  `notice` text,
  `info` text,
  `intro` text,
  `credit` tinyint(3) unsigned NOT NULL DEFAULT '0',
  `proforma` tinyint(3) unsigned NOT NULL DEFAULT '0',
  `proforma_status` enum('new','open','accepted','denied','invoice','archive') NOT NULL DEFAULT 'open',
  `status` enum('new','final') DEFAULT 'new',
  `created_by` int(11) NOT NULL,
  PRIMARY KEY (`id`),
  UNIQUE KEY `invoice_number` (`number`),
  KEY `parent_invoice_id` (`parent_invoice_id`),
  KEY `status` (`status`),
  KEY `contact_id` (`contact_id`)
) TYPE=InnoDB;

INSERT INTO `invoice` (`id`, `number`, `parent_invoice_id`, `contact_id`, `total_sum`, `total_excl_vat`, `vat_sum`, `discount_sum`, `discount`, `invoice_time`, `paid_time`, `expire_time`, `notice`, `info`, `intro`, `credit`, `proforma`, `proforma_status`, `status`, `created_by`) VALUES
(732,	'OFR0140',	NULL,	64,	12.10,	10.00,	2.10,	0.00,	0,	'2012-11-23',	'0000-00-00 00:00:00',	'2012-12-07 00:00:00',	'Betalingen kunnen uitstend geschieden op rekening 1663.58.053 van de dg te Gorredijk t.n.v Pronieq. Bij betaling gelieve de op betallng betrekking hebbende factuurummer(S) te vermelden. Wilt u zo vriendelink ziln de betaling binnen 14 degen te volden',	'',	'',	0,	1,	'invoice',	'final',	1),
(733,	'FAC1300',	NULL,	64,	12.10,	10.00,	2.10,	0.00,	0,	'2012-11-23',	'0000-00-00 00:00:00',	'2012-12-07 00:00:00',	'Betalingen kunnen uitstend geschieden op rekening 1663.58.053 van de dg te Gorredijk t.n.v Pronieq. Bij betaling gelieve de op betallng betrekking hebbende factuurummer(S) te vermelden. Wilt u zo vriendelink ziln de betaling binnen 14 degen te volden',	NULL,	NULL,	0,	0,	'new',	'new',	1),
(735,	'FAC1302',	NULL,	64,	12.10,	10.00,	2.10,	0.00,	0,	'2012-11-23',	'0000-00-00 00:00:00',	'2012-12-07 00:00:00',	'Betalingen kunnen uitstend geschieden op rekening 1663.58.053 van de dg te Gorredijk t.n.v Pronieq. Bij betaling gelieve de op betallng betrekking hebbende factuurummer(S) te vermelden. Wilt u zo vriendelink ziln de betaling binnen 14 degen te volden',	'',	'',	0,	1,	'invoice',	'new',	1),
(736,	'FAC1303',	NULL,	64,	12.10,	10.00,	2.10,	0.00,	0,	'2012-11-23',	'0000-00-00 00:00:00',	'2012-12-07 00:00:00',	'Betalingen kunnen uitstend geschieden op rekening 1663.58.053 van de dg te Gorredijk t.n.v Pronieq. Bij betaling gelieve de op betallng betrekking hebbende factuurummer(S) te vermelden. Wilt u zo vriendelink ziln de betaling binnen 14 degen te volden',	NULL,	NULL,	0,	0,	'new',	'new',	1),
(737,	'OFR0141',	NULL,	64,	12.10,	10.00,	2.10,	0.00,	0,	'2012-11-23',	'0000-00-00 00:00:00',	'2012-12-07 00:00:00',	'Betalingen kunnen uitstend geschieden op rekening 1663.58.053 van de dg te Gorredijk t.n.v Pronieq. Bij betaling gelieve de op betallng betrekking hebbende factuurummer(S) te vermelden. Wilt u zo vriendelink ziln de betaling binnen 14 degen te volden',	'',	'',	0,	1,	'invoice',	'new',	1),
(738,	'FAC1304',	NULL,	64,	12.10,	10.00,	2.10,	0.00,	0,	'2012-11-23',	'0000-00-00 00:00:00',	'2012-12-07 00:00:00',	'Betalingen kunnen uitstend geschieden op rekening 1663.58.053 van de dg te Gorredijk t.n.v Pronieq. Bij betaling gelieve de op betallng betrekking hebbende factuurummer(S) te vermelden. Wilt u zo vriendelink ziln de betaling binnen 14 degen te volden',	'',	'',	0,	0,	'new',	'final',	1),
(739,	'OFR0142',	NULL,	76,	1828.31,	1511.00,	317.31,	0.00,	0,	'2012-11-23',	'0000-00-00 00:00:00',	'2012-12-07 00:00:00',	'Betalingen kunnen uitstend geschieden op rekening 1663.58.053 van de dg te Gorredijk t.n.v Pronieq. Bij betaling gelieve de op betallng betrekking hebbende factuurummer(S) te vermelden. Wilt u zo vriendelink ziln de betaling binnen 14 degen te volden',	'&nbsp;tes',	'&nbsp;test',	0,	1,	'invoice',	'final',	2),
(740,	'FAC1305',	NULL,	76,	1828.31,	1511.00,	317.31,	0.00,	0,	'2012-11-23',	'0000-00-00 00:00:00',	'2012-12-07 00:00:00',	'Betalingen kunnen uitstend geschieden op rekening 1663.58.053 van de dg te Gorredijk t.n.v Pronieq. Bij betaling gelieve de op betallng betrekking hebbende factuurummer(S) te vermelden. Wilt u zo vriendelink ziln de betaling binnen 14 degen te volden',	NULL,	NULL,	0,	0,	'new',	'new',	2),
(741,	'OFR0143',	NULL,	NULL,	0.00,	NULL,	0.00,	0.00,	0,	'2012-11-23',	'0000-00-00 00:00:00',	'2012-12-07 00:00:00',	'Betalingen kunnen uitstend geschieden op rekening 1663.58.053 van de dg te Gorredijk t.n.v Pronieq. Bij betaling gelieve de op betallng betrekking hebbende factuurummer(S) te vermelden. Wilt u zo vriendelink ziln de betaling binnen 14 degen te volden',	NULL,	NULL,	0,	1,	'new',	'new',	1),
(742,	'OFR0144',	NULL,	NULL,	0.00,	NULL,	0.00,	0.00,	0,	'2012-11-23',	'0000-00-00 00:00:00',	'2012-12-07 00:00:00',	'Betalingen kunnen uitstend geschieden op rekening 1663.58.053 van de dg te Gorredijk t.n.v Pronieq. Bij betaling gelieve de op betallng betrekking hebbende factuurummer(S) te vermelden. Wilt u zo vriendelink ziln de betaling binnen 14 degen te volden',	NULL,	NULL,	0,	1,	'accepted',	'new',	1),
(743,	'OFR0145',	NULL,	76,	5457.10,	4510.00,	947.10,	0.00,	0,	'2012-11-23',	'0000-00-00 00:00:00',	'2012-12-07 00:00:00',	'Betalingen kunnen uitstend geschieden op rekening 1663.58.053 van de dg te Gorredijk t.n.v Pronieq. Bij betaling gelieve de op betallng betrekking hebbende factuurummer(S) te vermelden. Wilt u zo vriendelink ziln de betaling binnen 14 degen te volden',	'',	'',	0,	1,	'archive',	'final',	2),
(744,	'OFR0146',	NULL,	64,	12.10,	10.00,	2.10,	0.00,	0,	'2012-11-23',	'0000-00-00 00:00:00',	'2012-12-07 00:00:00',	'Betalingen kunnen uitstend geschieden op rekening 1663.58.053 van de dg te Gorredijk t.n.v Pronieq. Bij betaling gelieve de op betallng betrekking hebbende factuurummer(S) te vermelden. Wilt u zo vriendelink ziln de betaling binnen 14 degen te volden',	'',	'',	0,	1,	'invoice',	'final',	1),
(745,	'FAC1306',	NULL,	0,	0.00,	0.00,	0.00,	0.00,	0,	'2012-11-23',	'0000-00-00 00:00:00',	'2012-12-07 00:00:00',	'Betalingen kunnen uitstend geschieden op rekening 1663.58.053 van de dg te Gorredijk t.n.v Pronieq. Bij betaling gelieve de op betallng betrekking hebbende factuurummer(S) te vermelden. Wilt u zo vriendelink ziln de betaling binnen 14 degen te volden',	NULL,	NULL,	0,	0,	'new',	'new',	1),
(747,	'OFR0147',	NULL,	0,	0.00,	NULL,	0.00,	0.00,	0,	'2012-11-23',	'0000-00-00 00:00:00',	'2012-12-07 00:00:00',	'Betalingen kunnen uitstend geschieden op rekening 1663.58.053 van de dg te Gorredijk t.n.v Pronieq. Bij betaling gelieve de op betallng betrekking hebbende factuurummer(S) te vermelden. Wilt u zo vriendelink ziln de betaling binnen 14 degen te volden',	NULL,	NULL,	0,	1,	'invoice',	'new',	1),
(748,	'FAC1308',	NULL,	0,	0.00,	NULL,	0.00,	0.00,	0,	'2012-11-23',	'0000-00-00 00:00:00',	'2012-12-07 00:00:00',	'Betalingen kunnen uitstend geschieden op rekening 1663.58.053 van de dg te Gorredijk t.n.v Pronieq. Bij betaling gelieve de op betallng betrekking hebbende factuurummer(S) te vermelden. Wilt u zo vriendelink ziln de betaling binnen 14 degen te volden',	NULL,	NULL,	0,	0,	'new',	'new',	1),
(749,	'FAC1309',	NULL,	0,	0.00,	NULL,	0.00,	0.00,	0,	'2012-11-23',	'0000-00-00 00:00:00',	'2012-12-07 00:00:00',	'Betalingen kunnen uitstend geschieden op rekening 1663.58.053 van de dg te Gorredijk t.n.v Pronieq. Bij betaling gelieve de op betallng betrekking hebbende factuurummer(S) te vermelden. Wilt u zo vriendelink ziln de betaling binnen 14 degen te volden',	NULL,	NULL,	0,	0,	'new',	'new',	1);

DROP TABLE IF EXISTS `invoice_annex`;
CREATE TABLE `invoice_annex` (
  `id` int(10) unsigned NOT NULL AUTO_INCREMENT,
  `invoice_id` int(11) NOT NULL,
  `filename` char(120) NOT NULL,
  `name` char(120) NOT NULL,
  PRIMARY KEY (`id`),
  KEY `invoice_id` (`invoice_id`)
) TYPE=InnoDB;

INSERT INTO `invoice_annex` (`id`, `invoice_id`, `filename`, `name`) VALUES
(14,	706,	'705-14.pdf',	''),
(18,	739,	'carline-18.jpg',	'carline-18.jpg'),
(19,	743,	'carline-19.jpg',	'test2.jpg');

DROP TABLE IF EXISTS `invoice_payment`;
CREATE TABLE `invoice_payment` (
  `id` int(10) unsigned NOT NULL AUTO_INCREMENT,
  `invoice_id` int(10) unsigned NOT NULL,
  `paid_time` datetime NOT NULL,
  `amount` decimal(10,2) NOT NULL,
  `payment_method` enum('bank','cash') NOT NULL DEFAULT 'bank',
  PRIMARY KEY (`id`)
) TYPE=InnoDB;

INSERT INTO `invoice_payment` (`id`, `invoice_id`, `paid_time`, `amount`, `payment_method`) VALUES
(47,	705,	'2012-11-21 00:00:00',	38.72,	'bank');

DROP TABLE IF EXISTS `invoice_product`;
CREATE TABLE `invoice_product` (
  `id` int(10) unsigned NOT NULL AUTO_INCREMENT,
  `invoice_id` int(11) NOT NULL,
  `product_id` int(11) DEFAULT NULL,
  `tag_id` int(11) DEFAULT NULL,
  `description` char(120) NOT NULL,
  `qty` smallint(6) NOT NULL,
  `price` decimal(10,2) NOT NULL,
  `vat` tinyint(3) unsigned NOT NULL,
  `discount` tinyint(3) unsigned NOT NULL,
  `total_sum` decimal(10,2) NOT NULL,
  PRIMARY KEY (`id`),
  KEY `product_id` (`product_id`),
  KEY `invoice_id` (`invoice_id`),
  KEY `tag_id` (`tag_id`),
  CONSTRAINT `invoice_product_ibfk_2` FOREIGN KEY (`invoice_id`) REFERENCES `invoice` (`id`) ON DELETE NO ACTION
) TYPE=InnoDB;

INSERT INTO `invoice_product` (`id`, `invoice_id`, `product_id`, `tag_id`, `description`, `qty`, `price`, `vat`, `discount`, `total_sum`) VALUES
(894,	732,	1,	13,	'Apple',	1,	10.00,	21,	0,	10.00),
(895,	733,	1,	13,	'Apple',	1,	10.00,	21,	0,	10.00),
(897,	735,	1,	13,	'Apple',	1,	10.00,	21,	0,	10.00),
(898,	736,	1,	13,	'Apple',	1,	10.00,	21,	0,	10.00),
(899,	737,	1,	13,	'Apple',	1,	10.00,	21,	0,	10.00),
(900,	738,	1,	13,	'Apple',	1,	10.00,	21,	0,	10.00),
(901,	739,	2,	13,	'Orange',	1,	1511.00,	21,	0,	1511.00),
(902,	740,	2,	13,	'Orange',	1,	1511.00,	21,	0,	1511.00),
(903,	743,	1,	13,	'Apple',	1,	4510.00,	21,	0,	4510.00),
(904,	744,	1,	13,	'Apple',	1,	10.00,	21,	0,	10.00);

DROP TABLE IF EXISTS `log`;
CREATE TABLE `log` (
  `id` int(10) unsigned NOT NULL AUTO_INCREMENT,
  `source_type` enum('invoice','purchase','receipt','pack') NOT NULL,
  `source_id` int(10) unsigned NOT NULL,
  `employee_id` int(10) unsigned NOT NULL,
  `data` text NOT NULL,
  `event` enum('invoice_created','invoice_sent_email','invoice_sent_personal','invoice_payment','invoice_paid','invoice_annex','invoice_annex_edit','invoice_credit','invoice_proforma_status','proforma_to_invoice','invoice_from_proforma','purchase_created','purchase_payment','purchase_paid','purchase_attachment','receipt_created','pack_created','manual') NOT NULL,
  `created_time` datetime NOT NULL,
  PRIMARY KEY (`id`)
) TYPE=InnoDB;

INSERT INTO `log` (`id`, `source_type`, `source_id`, `employee_id`, `data`, `event`, `created_time`) VALUES
(741,	'invoice',	705,	1,	'',	'invoice_created',	'2012-11-21 06:06:50'),
(742,	'invoice',	705,	1,	'',	'invoice_sent_personal',	'2012-11-21 06:07:13'),
(743,	'invoice',	705,	1,	'38.72',	'invoice_payment',	'2012-11-21 06:07:22'),
(744,	'invoice',	705,	1,	'',	'invoice_paid',	'2012-11-21 06:07:22'),
(745,	'invoice',	706,	1,	'',	'invoice_created',	'2012-11-21 06:07:59'),
(746,	'invoice',	706,	1,	'14',	'invoice_annex',	'2012-11-21 06:07:59'),
(747,	'invoice',	706,	1,	'',	'invoice_sent_personal',	'2012-11-21 06:08:22'),
(748,	'invoice',	707,	1,	'',	'invoice_created',	'2012-11-21 06:08:40'),
(749,	'invoice',	708,	1,	'',	'invoice_created',	'2012-11-21 06:09:05'),
(750,	'invoice',	708,	1,	'',	'invoice_sent_personal',	'2012-11-21 06:09:21'),
(751,	'invoice',	709,	1,	'',	'invoice_sent_personal',	'2012-11-21 06:09:58'),
(752,	'invoice',	709,	1,	'accepted',	'invoice_proforma_status',	'2012-11-21 06:10:04'),
(753,	'invoice',	709,	1,	'invoice',	'invoice_proforma_status',	'2012-11-21 06:10:06'),
(754,	'purchase',	78,	1,	'',	'purchase_created',	'2012-11-21 06:10:54'),
(755,	'purchase',	78,	1,	'25.41',	'purchase_payment',	'2012-11-21 06:11:17'),
(756,	'purchase',	78,	1,	'',	'purchase_paid',	'2012-11-21 06:11:17'),
(757,	'purchase',	78,	1,	'1',	'purchase_attachment',	'2012-11-21 06:11:36'),
(758,	'purchase',	79,	1,	'',	'purchase_created',	'2012-11-21 06:11:55'),
(759,	'invoice',	705,	1,	'avladev@gmail.com',	'invoice_sent_email',	'2012-11-21 12:50:45'),
(760,	'invoice',	708,	2,	'invoice',	'invoice_proforma_status',	'2012-11-22 21:42:30'),
(761,	'invoice',	707,	2,	'invoice',	'invoice_proforma_status',	'2012-11-22 21:43:08'),
(762,	'invoice',	707,	2,	'accepted',	'invoice_proforma_status',	'2012-11-22 21:43:33'),
(763,	'invoice',	710,	2,	'',	'invoice_created',	'2012-11-22 21:44:20'),
(764,	'invoice',	710,	2,	'',	'invoice_sent_personal',	'2012-11-22 21:45:14'),
(765,	'invoice',	710,	2,	'invoice',	'invoice_proforma_status',	'2012-11-22 21:45:54'),
(766,	'invoice',	711,	1,	'',	'invoice_created',	'2012-11-22 21:49:39'),
(767,	'invoice',	712,	1,	'',	'invoice_created',	'2012-11-22 21:51:04'),
(768,	'invoice',	712,	1,	'',	'invoice_sent_personal',	'2012-11-22 21:52:22'),
(769,	'invoice',	713,	1,	'',	'invoice_created',	'2012-11-22 21:54:14'),
(770,	'invoice',	713,	1,	'',	'invoice_sent_personal',	'2012-11-22 21:54:29'),
(771,	'invoice',	714,	1,	'',	'invoice_created',	'2012-11-22 21:54:51'),
(772,	'invoice',	714,	1,	'',	'invoice_sent_personal',	'2012-11-22 21:55:02'),
(773,	'invoice',	715,	1,	'',	'invoice_created',	'2012-11-22 21:55:19'),
(774,	'invoice',	715,	1,	'',	'invoice_sent_personal',	'2012-11-22 21:55:29'),
(775,	'invoice',	715,	1,	'accepted',	'invoice_proforma_status',	'2012-11-22 21:56:26'),
(776,	'invoice',	715,	1,	'denied',	'invoice_proforma_status',	'2012-11-22 21:56:27'),
(777,	'invoice',	715,	1,	'invoice',	'invoice_proforma_status',	'2012-11-22 21:56:28'),
(778,	'invoice',	715,	1,	'archive',	'invoice_proforma_status',	'2012-11-22 21:56:30'),
(779,	'invoice',	716,	1,	'',	'invoice_created',	'2012-11-22 22:10:53'),
(780,	'invoice',	716,	1,	'',	'invoice_sent_personal',	'2012-11-22 22:11:47'),
(781,	'invoice',	717,	1,	'',	'invoice_created',	'2012-11-22 22:12:04'),
(782,	'invoice',	717,	1,	'invoice',	'invoice_proforma_status',	'2012-11-22 22:12:04'),
(783,	'invoice',	718,	1,	'',	'invoice_created',	'2012-11-22 22:14:37'),
(784,	'invoice',	719,	1,	'',	'invoice_created',	'2012-11-22 22:14:40'),
(785,	'invoice',	719,	1,	'',	'invoice_sent_personal',	'2012-11-22 22:15:25'),
(786,	'invoice',	720,	1,	'',	'invoice_created',	'2012-11-22 22:15:43'),
(787,	'invoice',	720,	1,	'invoice',	'invoice_proforma_status',	'2012-11-22 22:15:43'),
(788,	'invoice',	721,	1,	'',	'invoice_created',	'2012-11-22 22:16:23'),
(789,	'invoice',	721,	1,	'invoice',	'invoice_proforma_status',	'2012-11-22 22:16:23'),
(790,	'invoice',	722,	1,	'',	'invoice_created',	'2012-11-22 22:16:47'),
(791,	'invoice',	723,	1,	'',	'invoice_created',	'2012-11-22 22:16:57'),
(792,	'invoice',	723,	1,	'invoice',	'invoice_proforma_status',	'2012-11-22 22:16:57'),
(793,	'purchase',	80,	1,	'',	'purchase_created',	'2012-11-22 22:18:45'),
(794,	'invoice',	724,	1,	'',	'invoice_created',	'2012-11-22 22:18:50'),
(795,	'invoice',	725,	1,	'',	'invoice_created',	'2012-11-22 22:19:52'),
(796,	'invoice',	725,	1,	'invoice',	'invoice_proforma_status',	'2012-11-22 22:19:52'),
(797,	'invoice',	726,	1,	'',	'invoice_created',	'2012-11-22 22:22:01'),
(798,	'invoice',	727,	1,	'',	'invoice_created',	'2012-11-22 22:22:16'),
(799,	'invoice',	727,	1,	'invoice',	'invoice_proforma_status',	'2012-11-22 22:22:16'),
(800,	'invoice',	728,	1,	'',	'invoice_created',	'2012-11-22 22:22:27'),
(801,	'invoice',	729,	1,	'',	'invoice_created',	'2012-11-22 22:23:06'),
(802,	'invoice',	729,	1,	'invoice',	'invoice_proforma_status',	'2012-11-22 22:23:06'),
(803,	'invoice',	730,	2,	'',	'invoice_created',	'2012-11-22 22:32:44'),
(804,	'invoice',	730,	2,	'',	'invoice_sent_personal',	'2012-11-22 22:33:07'),
(805,	'invoice',	731,	2,	'',	'invoice_created',	'2012-11-22 22:33:16'),
(806,	'invoice',	731,	2,	'invoice',	'invoice_proforma_status',	'2012-11-22 22:33:16'),
(807,	'invoice',	732,	1,	'',	'invoice_created',	'2012-11-23 00:00:41'),
(808,	'invoice',	732,	1,	'',	'invoice_sent_personal',	'2012-11-23 00:00:59'),
(809,	'invoice',	732,	1,	'denied',	'invoice_proforma_status',	'2012-11-23 00:04:19'),
(810,	'invoice',	732,	1,	'denied',	'invoice_proforma_status',	'2012-11-23 00:04:23'),
(811,	'invoice',	732,	1,	'denied',	'invoice_proforma_status',	'2012-11-23 00:04:32'),
(812,	'invoice',	732,	1,	'denied',	'invoice_proforma_status',	'2012-11-23 00:04:54'),
(813,	'invoice',	732,	1,	'archive',	'invoice_proforma_status',	'2012-11-23 00:05:10'),
(814,	'invoice',	732,	1,	'invoice',	'invoice_proforma_status',	'2012-11-23 00:05:20'),
(815,	'invoice',	733,	1,	'',	'invoice_created',	'2012-11-23 00:05:20'),
(816,	'invoice',	735,	1,	'invoice',	'invoice_proforma_status',	'2012-11-23 00:19:56'),
(817,	'invoice',	736,	1,	'',	'invoice_created',	'2012-11-23 00:19:56'),
(820,	'invoice',	737,	1,	'',	'invoice_created',	'2012-11-23 00:21:01'),
(821,	'invoice',	737,	1,	'invoice',	'invoice_proforma_status',	'2012-11-23 00:21:13'),
(822,	'invoice',	738,	1,	'',	'invoice_created',	'2012-11-23 00:21:13'),
(823,	'invoice',	737,	1,	'738',	'proforma_to_invoice',	'2012-11-23 00:21:13'),
(824,	'invoice',	738,	1,	'737',	'invoice_from_proforma',	'2012-11-23 00:21:13'),
(825,	'invoice',	739,	2,	'',	'invoice_created',	'2012-11-23 00:26:18'),
(826,	'invoice',	739,	2,	'accepted',	'invoice_proforma_status',	'2012-11-23 00:26:35'),
(827,	'invoice',	739,	2,	'',	'invoice_sent_personal',	'2012-11-23 00:26:41'),
(828,	'invoice',	739,	2,	'invoice',	'invoice_proforma_status',	'2012-11-23 00:26:54'),
(829,	'invoice',	740,	2,	'',	'invoice_created',	'2012-11-23 00:26:54'),
(830,	'invoice',	739,	2,	'740',	'proforma_to_invoice',	'2012-11-23 00:26:54'),
(831,	'invoice',	740,	2,	'739',	'invoice_from_proforma',	'2012-11-23 00:26:54'),
(832,	'invoice',	738,	1,	'ateasd',	'manual',	'2012-11-23 00:30:59'),
(833,	'invoice',	738,	1,	'',	'invoice_sent_personal',	'2012-11-23 00:34:01'),
(834,	'invoice',	741,	1,	'',	'invoice_created',	'2012-11-23 00:38:40'),
(835,	'invoice',	741,	1,	'15',	'invoice_annex',	'2012-11-23 00:38:40'),
(836,	'invoice',	742,	1,	'',	'invoice_created',	'2012-11-23 00:41:03'),
(837,	'invoice',	742,	1,	'16',	'invoice_annex',	'2012-11-23 00:41:03'),
(838,	'invoice',	742,	1,	'17',	'invoice_annex',	'2012-11-23 00:43:50'),
(839,	'invoice',	739,	2,	'18',	'invoice_annex',	'2012-11-23 00:44:09'),
(840,	'invoice',	742,	1,	'asdf',	'manual',	'2012-11-23 00:54:46'),
(841,	'invoice',	742,	1,	'asd ad asd asd asd asdas dasdasd asd asd asd asd asda a das asdasdasdsasdas dasdasdasda das as dasd',	'manual',	'2012-11-23 00:59:33'),
(842,	'invoice',	743,	2,	'',	'invoice_created',	'2012-11-23 01:28:06'),
(843,	'invoice',	743,	2,	'archive',	'invoice_proforma_status',	'2012-11-23 01:28:25'),
(844,	'invoice',	743,	2,	'',	'invoice_sent_personal',	'2012-11-23 01:28:47'),
(845,	'invoice',	743,	2,	'19',	'invoice_annex',	'2012-11-23 01:44:49'),
(846,	'invoice',	742,	1,	'20',	'invoice_annex',	'2012-11-23 01:46:39'),
(847,	'invoice',	742,	1,	'Check this out!2',	'invoice_annex_edit',	'2012-11-23 01:56:45'),
(848,	'invoice',	742,	1,	'Check this out!23423',	'invoice_annex_edit',	'2012-11-23 01:57:30'),
(849,	'invoice',	743,	2,	'test2.jpg',	'invoice_annex_edit',	'2012-11-23 01:58:32'),
(850,	'invoice',	742,	1,	'accepted',	'invoice_proforma_status',	'2012-11-23 01:59:53'),
(851,	'invoice',	744,	1,	'',	'invoice_created',	'2012-11-23 02:06:15'),
(852,	'invoice',	744,	1,	'accepted',	'invoice_proforma_status',	'2012-11-23 02:06:30'),
(853,	'invoice',	744,	1,	'denied',	'invoice_proforma_status',	'2012-11-23 02:07:11'),
(854,	'invoice',	744,	1,	'invoice',	'invoice_proforma_status',	'2012-11-23 02:07:12'),
(855,	'invoice',	745,	1,	'',	'invoice_created',	'2012-11-23 02:07:12'),
(856,	'invoice',	744,	1,	'745',	'proforma_to_invoice',	'2012-11-23 02:07:12'),
(857,	'invoice',	745,	1,	'744',	'invoice_from_proforma',	'2012-11-23 02:07:12'),
(858,	'purchase',	81,	1,	'',	'purchase_created',	'2012-11-23 02:48:00'),
(859,	'invoice',	747,	1,	'',	'invoice_created',	'2012-11-23 02:49:24'),
(860,	'invoice',	747,	1,	'invoice',	'invoice_proforma_status',	'2012-11-23 02:55:52'),
(861,	'invoice',	748,	1,	'',	'invoice_created',	'2012-11-23 02:55:52'),
(862,	'invoice',	747,	1,	'748',	'proforma_to_invoice',	'2012-11-23 02:55:52'),
(863,	'invoice',	748,	1,	'747',	'invoice_from_proforma',	'2012-11-23 02:55:52'),
(864,	'invoice',	749,	1,	'',	'invoice_created',	'2012-11-23 03:13:17'),
(865,	'invoice',	744,	2,	'avladev@gmail.com',	'invoice_sent_email',	'2012-11-23 03:42:43'),
(866,	'invoice',	744,	2,	'avladev@gmail.com',	'invoice_sent_email',	'2012-11-23 03:42:49');

DROP TABLE IF EXISTS `pack`;
CREATE TABLE `pack` (
  `id` int(11) NOT NULL AUTO_INCREMENT,
  `number` varchar(200) DEFAULT NULL,
  `employee_id` int(10) unsigned DEFAULT NULL,
  `info` text NOT NULL,
  `status` enum('new','final') NOT NULL DEFAULT 'new',
  `created_time` datetime NOT NULL,
  PRIMARY KEY (`id`),
  UNIQUE KEY `invoice_number` (`number`)
) TYPE=InnoDB;


DROP TABLE IF EXISTS `pack_product`;
CREATE TABLE `pack_product` (
  `id` int(11) NOT NULL AUTO_INCREMENT,
  `pack_id` int(11) NOT NULL,
  `product_id` int(11) NOT NULL,
  `description` text,
  `qty` smallint(5) DEFAULT NULL,
  PRIMARY KEY (`id`),
  KEY `purchase_id` (`pack_id`)
) TYPE=InnoDB;


DROP TABLE IF EXISTS `product`;
CREATE TABLE `product` (
  `id` int(11) NOT NULL AUTO_INCREMENT,
  `name` char(120) DEFAULT NULL,
  `product_group_id` int(11) DEFAULT NULL,
  `wholesaler_id` int(10) unsigned DEFAULT NULL,
  `order_code` char(30) DEFAULT NULL,
  `short_description` text,
  `long_description` text,
  `article_code` char(30) DEFAULT NULL,
  `discount` tinyint(3) unsigned NOT NULL,
  `price` decimal(10,2) NOT NULL,
  `min_price` decimal(10,2) NOT NULL,
  `cost_price` decimal(10,2) NOT NULL,
  `vat` tinyint(3) unsigned NOT NULL,
  `weight` decimal(10,2) NOT NULL,
  `stock` smallint(5) NOT NULL,
  `min_stock` smallint(5) NOT NULL,
  `last_stock` smallint(5) NOT NULL,
  `status` enum('active','inactive') NOT NULL DEFAULT 'active',
  `income_tag_id` int(11) unsigned NOT NULL,
  `expense_tag_id` int(11) unsigned NOT NULL,
  `deleted` tinyint(3) unsigned NOT NULL,
  PRIMARY KEY (`id`),
  KEY `product_group_id` (`product_group_id`),
  CONSTRAINT `product_ibfk_2` FOREIGN KEY (`product_group_id`) REFERENCES `product_group` (`id`) ON DELETE NO ACTION ON UPDATE NO ACTION
) TYPE=InnoDB;

INSERT INTO `product` (`id`, `name`, `product_group_id`, `wholesaler_id`, `order_code`, `short_description`, `long_description`, `article_code`, `discount`, `price`, `min_price`, `cost_price`, `vat`, `weight`, `stock`, `min_stock`, `last_stock`, `status`, `income_tag_id`, `expense_tag_id`, `deleted`) VALUES
(1,	'Apple',	1,	1,	NULL,	'Apple is a fruit',	'Apple is a fruit and can be red/green or yellow',	'APL',	10,	10.00,	8.00,	6.00,	0,	2.00,	22761,	10,	32767,	'active',	13,	11,	0),
(2,	'Orange',	1,	NULL,	NULL,	'Orange is sweet',	'Orange is sweet and orange in color',	'ORNG',	20,	11.00,	0.00,	0.00,	0,	0.00,	22766,	0,	32767,	'active',	13,	11,	0),
(15,	'Cucumber',	17,	NULL,	NULL,	'',	'',	'',	0,	0.00,	0.00,	0.00,	0,	0.00,	22764,	0,	32767,	'active',	12,	10,	0),
(30,	'Ipad Test 1',	1,	NULL,	NULL,	'Kort',	'Lang',	'IPAD1',	0,	100.00,	10.00,	40.00,	6,	0.00,	0,	0,	0,	'active',	21,	11,	0);

DROP TABLE IF EXISTS `product_group`;
CREATE TABLE `product_group` (
  `id` int(11) NOT NULL AUTO_INCREMENT,
  `name` varchar(255) DEFAULT NULL,
  `deleted` tinyint(3) unsigned NOT NULL,
  PRIMARY KEY (`id`)
) TYPE=InnoDB;

INSERT INTO `product_group` (`id`, `name`, `deleted`) VALUES
(1,	'Fruits',	0),
(17,	'Vegs',	0);

DROP TABLE IF EXISTS `purchase`;
CREATE TABLE `purchase` (
  `id` int(11) NOT NULL AUTO_INCREMENT,
  `number` varchar(200) DEFAULT NULL,
  `contact_id` int(10) unsigned DEFAULT NULL,
  `total_sum` decimal(10,2) unsigned DEFAULT NULL,
  `total_excl_vat` decimal(10,2) unsigned DEFAULT NULL,
  `vat_sum` decimal(10,2) unsigned DEFAULT NULL,
  `invoice_time` date DEFAULT NULL,
  `invoice_pay_time` date DEFAULT NULL,
  `paid_time` datetime NOT NULL,
  PRIMARY KEY (`id`),
  UNIQUE KEY `invoice_number` (`number`)
) TYPE=InnoDB;

INSERT INTO `purchase` (`id`, `number`, `contact_id`, `total_sum`, `total_excl_vat`, `vat_sum`, `invoice_time`, `invoice_pay_time`, `paid_time`) VALUES
(78,	'INFAC0145',	76,	25.41,	21.00,	4.41,	'2012-11-21',	'2012-12-05',	'2012-11-21 06:11:17'),
(79,	'INFAC0146',	64,	1.21,	1.00,	0.21,	'2012-11-21',	'2012-12-05',	'0000-00-00 00:00:00'),
(80,	'INFAC0147',	0,	0.00,	0.00,	0.00,	'2012-11-22',	'2012-12-06',	'0000-00-00 00:00:00'),
(81,	'INFAC0148',	0,	0.00,	0.00,	0.00,	'2012-11-23',	'2012-12-07',	'0000-00-00 00:00:00');

DROP TABLE IF EXISTS `purchase_attachment`;
CREATE TABLE `purchase_attachment` (
  `id` int(10) unsigned NOT NULL AUTO_INCREMENT,
  `purchase_id` int(11) NOT NULL,
  `filename` char(120) NOT NULL,
  PRIMARY KEY (`id`),
  KEY `purchase_id` (`purchase_id`),
  CONSTRAINT `purchase_attachment_ibfk_2` FOREIGN KEY (`purchase_id`) REFERENCES `purchase` (`id`) ON DELETE NO ACTION ON UPDATE NO ACTION
) TYPE=InnoDB;

INSERT INTO `purchase_attachment` (`id`, `purchase_id`, `filename`) VALUES
(1,	78,	'705-1.pdf');

DROP TABLE IF EXISTS `purchase_payment`;
CREATE TABLE `purchase_payment` (
  `id` int(10) unsigned NOT NULL AUTO_INCREMENT,
  `purchase_id` int(10) unsigned NOT NULL,
  `paid_time` datetime NOT NULL,
  `amount` decimal(10,2) NOT NULL,
  `payment_method` enum('bank','cash') NOT NULL DEFAULT 'bank',
  PRIMARY KEY (`id`)
) TYPE=InnoDB;

INSERT INTO `purchase_payment` (`id`, `purchase_id`, `paid_time`, `amount`, `payment_method`) VALUES
(26,	78,	'2012-11-21 00:00:00',	25.41,	'bank');

DROP TABLE IF EXISTS `purchase_product`;
CREATE TABLE `purchase_product` (
  `id` int(11) NOT NULL AUTO_INCREMENT,
  `purchase_id` int(11) NOT NULL,
  `tag_id` int(11) unsigned NOT NULL,
  `product_id` int(11) unsigned NOT NULL,
  `description` text,
  `total_sum` decimal(10,2) unsigned DEFAULT NULL,
  `total_excl_vat` decimal(10,2) unsigned DEFAULT NULL,
  `vat_sum` decimal(10,2) unsigned DEFAULT NULL,
  `vat` tinyint(3) unsigned DEFAULT NULL,
  PRIMARY KEY (`id`),
  KEY `purchase_id` (`purchase_id`),
  CONSTRAINT `purchase_product_ibfk_1` FOREIGN KEY (`purchase_id`) REFERENCES `purchase` (`id`)
) TYPE=InnoDB;

INSERT INTO `purchase_product` (`id`, `purchase_id`, `tag_id`, `product_id`, `description`, `total_sum`, `total_excl_vat`, `vat_sum`, `vat`) VALUES
(68,	78,	0,	1,	'Apple',	12.10,	10.00,	2.10,	21),
(69,	78,	0,	2,	'Orange',	13.31,	11.00,	2.31,	21),
(70,	79,	0,	1,	'Apple',	1.21,	1.00,	0.21,	21);

DROP TABLE IF EXISTS `receipt`;
CREATE TABLE `receipt` (
  `id` int(11) NOT NULL AUTO_INCREMENT,
  `number` varchar(200) DEFAULT NULL,
  `employee_id` int(10) unsigned DEFAULT NULL,
  `contact_id` int(10) unsigned DEFAULT NULL,
  `invoice_id` int(10) unsigned DEFAULT NULL,
  `pack_id` int(10) unsigned DEFAULT NULL,
  `info` text NOT NULL,
  `status` enum('new','final') NOT NULL DEFAULT 'new',
  `created_time` datetime NOT NULL,
  `created_by` int(11) NOT NULL,
  PRIMARY KEY (`id`),
  UNIQUE KEY `invoice_number` (`number`),
  KEY `invoice_id` (`invoice_id`)
) TYPE=InnoDB;


DROP TABLE IF EXISTS `receipt_product`;
CREATE TABLE `receipt_product` (
  `id` int(11) NOT NULL AUTO_INCREMENT,
  `receipt_id` int(11) NOT NULL,
  `product_id` int(11) NOT NULL,
  `description` text,
  `qty` smallint(5) DEFAULT NULL,
  PRIMARY KEY (`id`),
  KEY `purchase_id` (`receipt_id`)
) TYPE=InnoDB;


DROP TABLE IF EXISTS `right`;
CREATE TABLE `right` (
  `id` int(11) NOT NULL AUTO_INCREMENT,
  `key` char(30) NOT NULL,
  `group` char(30) NOT NULL,
  `action` char(30) NOT NULL,
  `info` char(120) NOT NULL,
  PRIMARY KEY (`id`),
  UNIQUE KEY `key` (`key`)
) TYPE=InnoDB;

INSERT INTO `right` (`id`, `key`, `group`, `action`, `info`) VALUES
(1,	'super',	'Other',	'',	'Gives all rights to user'),
(2,	'invoice_view',	'Invoices',	'view',	''),
(3,	'invoice_edit',	'Invoices',	'edit',	''),
(4,	'invoice_delete',	'Invoices',	'delete',	''),
(5,	'offer_view',	'Offers',	'view',	''),
(6,	'offer_edit',	'Offers',	'edit',	''),
(7,	'offer_delete',	'Offers',	'delete',	''),
(8,	'purchase_view',	'Purchases',	'view',	''),
(9,	'purchase_edit',	'Purchases',	'edit',	''),
(10,	'purchase_delete',	'Purchases',	'delete',	''),
(11,	'stock_view',	'Stock',	'view',	''),
(12,	'stock_edit',	'Stock',	'edit',	''),
(13,	'stock_delete',	'Stock',	'delete',	''),
(14,	'stock_receipt_view',	'Stock - Receipts',	'view',	''),
(16,	'stock_receipt_edit',	'Stock - Receipts',	'edit',	''),
(17,	'stock_receipt_delete',	'Stock - Receipts',	'delete',	''),
(18,	'stock_manage_view',	'Stock - Manage',	'view',	''),
(19,	'stock_manage_edit',	'Stock - Manage',	'edit',	''),
(20,	'contact_view',	'Contacts',	'view',	''),
(21,	'contact_edit',	'Contacts',	'edit',	''),
(22,	'contact_delete',	'Contacts',	'delete',	''),
(23,	'contact_view_all',	'Other',	'',	'Gives right to view all contacts'),
(24,	'employee_view',	'Employees',	'view',	''),
(25,	'employee_edit',	'Employees',	'edit',	''),
(26,	'employee_delete',	'Employees',	'delete',	''),
(27,	'settings_tags_view',	'Settings - Categories',	'view',	''),
(28,	'settings_tags_edit',	'Settings - Categories',	'edit',	''),
(30,	'employee_pack_view',	'Employees - Packing lists',	'view',	''),
(31,	'employee_pack_edit',	'Employees - Packing lists',	'view',	''),
(32,	'employee_pack_delete',	'Employees - Packing lists',	'view',	''),
(33,	'log_view',	'Log',	'view',	''),
(34,	'log_edit',	'Log',	'edit',	''),
(35,	'report_view',	'Reports',	'view',	''),
(37,	'wholesaler_view',	'Wholesalers',	'view',	''),
(38,	'wholesaler_edit',	'Wholesalers',	'edit',	''),
(39,	'wholesaler_delete',	'Wholesalers',	'delete',	'');

DROP TABLE IF EXISTS `right_employee_map`;
CREATE TABLE `right_employee_map` (
  `id` int(11) NOT NULL AUTO_INCREMENT,
  `right_id` int(10) unsigned NOT NULL,
  `employee_id` int(10) unsigned NOT NULL,
  PRIMARY KEY (`id`)
) TYPE=InnoDB;

INSERT INTO `right_employee_map` (`id`, `right_id`, `employee_id`) VALUES
(94,	20,	1),
(95,	21,	1),
(96,	22,	1),
(97,	24,	1),
(98,	25,	1),
(99,	26,	1),
(100,	2,	1),
(101,	3,	1),
(102,	4,	1),
(103,	5,	1),
(104,	6,	1),
(105,	7,	1),
(106,	8,	1),
(107,	9,	1),
(108,	10,	1),
(109,	27,	1),
(110,	28,	1),
(111,	11,	1),
(112,	12,	1),
(113,	13,	1),
(114,	18,	1),
(115,	19,	1),
(116,	14,	1),
(117,	16,	1),
(118,	17,	1),
(120,	20,	2),
(121,	21,	2),
(122,	22,	2),
(123,	24,	2),
(124,	25,	2),
(125,	26,	2),
(126,	2,	2),
(127,	3,	2),
(128,	4,	2),
(129,	5,	2),
(130,	6,	2),
(131,	7,	2),
(132,	8,	2),
(133,	9,	2),
(134,	10,	2),
(135,	27,	2),
(136,	28,	2),
(137,	11,	2),
(138,	12,	2),
(139,	13,	2),
(140,	18,	2),
(141,	19,	2),
(142,	14,	2),
(143,	16,	2),
(144,	17,	2),
(145,	30,	1),
(146,	31,	1),
(147,	32,	1),
(148,	33,	1),
(150,	34,	1),
(151,	35,	1),
(152,	30,	2),
(153,	31,	2),
(154,	32,	2),
(155,	33,	2),
(156,	34,	2),
(157,	35,	2),
(158,	23,	2),
(159,	23,	1),
(160,	37,	1),
(161,	38,	1),
(162,	39,	1),
(163,	37,	2),
(164,	38,	2),
(165,	39,	2);

DROP TABLE IF EXISTS `settings`;
CREATE TABLE `settings` (
  `name` char(60) NOT NULL,
  `value` text NOT NULL,
  UNIQUE KEY `name` (`name`)
) TYPE=InnoDB;

INSERT INTO `settings` (`name`, `value`) VALUES
('ACTIVITY_LOG_SECRET',	'apple'),
('INVOICE_ANNEX_FOLDER',	'resources/invoice/annex/'),
('INVOICE_ANNEX_TYPES',	'jpg\r\npng\r\njpeg\r\ngif\r\ntiff\r\npdf\r\ndoc\r\nxdoc\r\ntxt\r\nrtf\r\nbmp\r\nzip\r\nrar'),
('INVOICE_DEFAULT_EMAIL_BODY',	'Geachte {name}, In de bijlage  kunt u de offerte {number} voor onze diensten vinden. Wij verzoeken u vriendelijk de factuur voor {date} te voldoen. Met vriendelijke groet, Senden, Jos'),
('INVOICE_DEFAULT_EMAIL_SUBJECT',	'New invoice from AVAXO'),
('INVOICE_DEFAULT_NOTICE',	'Betalingen kunnen uitstend geschieden op rekening 1663.58.053 van de dg te Gorredijk t.n.v Pronieq. Bij betaling gelieve de op betallng betrekking hebbende factuurummer(S) te vermelden. Wilt u zo vriendelink ziln de betaling binnen 14 degen te volden'),
('INVOICE_NEXT_NUM',	'1310'),
('INVOICE_PRODUCT_DEFAULT_VAT',	'21'),
('INVOICE_PROVIDER_ADDRESS',	'Industrieweg 22\r\n3620 Lanaken'),
('INVOICE_PROVIDER_BANK_NUMBER',	'12345678910'),
('INVOICE_PROVIDER_BIC',	'BGSFUBBS'),
('INVOICE_PROVIDER_BTW',	'0871.302.795'),
('INVOICE_PROVIDER_EMAIL',	'info@jovado.be'),
('INVOICE_PROVIDER_KVK',	'53763696'),
('INVOICE_PROVIDER_PHONE',	'+32(0)89/71.73.02'),
('INVOICE_PROVIDER_WEBSITE',	'www.jovado.be'),
('INVOICE_SIGNATURE_FOLDER',	'resources/invoice/signature/'),
('INVOICE_SIGNATURE_TYPES',	'jpg\r\npng\r\njpeg\r\ngif'),
('MAIL_FROM_ADDRESS',	'avladev@gmail.com'),
('MAIL_FROM_NAME',	'Anatoli Vladev'),
('PACK_NEXT_NUM',	'54'),
('PROFORMA_DEFAULT_EMAIL_BODY',	'New offer for {name}, In de bijlage  kunt u de offerte {number} voor onze diensten vinden. Wij verzoeken u vriendelijk de factuur voor {date} te voldoen. Met vriendelijke groet, Senden, Jos'),
('PROFORMA_DEFAULT_EMAIL_SUBJECT',	'New offer from AVAXO'),
('PROFORMA_DEFAULT_NOTICE',	'Betalingen kunnen uitstend geschieden op rekening 1663.58.053 van de dg te Gorredijk t.n.v Pronieq. Bij betaling gelieve de op betallng betrekking hebbende factuurummer(S) te vermelden. Wilt u zo vriendelink ziln de betaling binnen 14 degen te volden Offer'),
('PROFORMA_NEXT_NUM',	'148'),
('PURCHASE_ATTACHMENT_FOLDER',	'resources/purchase/attachment/'),
('PURCHASE_ATTACHMENT_TYPES',	'jpg\r\npng\r\njpeg\r\ngif\r\ntiff\r\npdf\r\ndoc\r\nxdoc\r\ntxt\r\nrtf\r\nbmp\r\nzip\r\nrar'),
('PURCHASE_NEXT_NUM',	'149'),
('RECEIPT_NEXT_NUM',	'69'),
('SMTP_ACTIVATE',	'1'),
('SMTP_AUTH',	'login'),
('SMTP_AUTH_PASSWORD',	'chaos359'),
('SMTP_AUTH_USERNAME',	'entropy359@gmail.com'),
('SMTP_HOST',	'smtp.gmail.com'),
('SMTP_PORT',	'587'),
('SMTP_SSL',	'tls');

DROP TABLE IF EXISTS `tag`;
CREATE TABLE `tag` (
  `id` int(11) NOT NULL AUTO_INCREMENT,
  `tag_category_id` int(11) NOT NULL,
  `name` char(120) NOT NULL,
  `vat` tinyint(3) unsigned DEFAULT NULL,
  PRIMARY KEY (`id`),
  KEY `tag_category_id` (`tag_category_id`),
  CONSTRAINT `tag_ibfk_2` FOREIGN KEY (`tag_category_id`) REFERENCES `tag_category` (`id`) ON DELETE NO ACTION ON UPDATE NO ACTION
) TYPE=InnoDB;

INSERT INTO `tag` (`id`, `tag_category_id`, `name`, `vat`) VALUES
(10,	25,	'Vegs',	NULL),
(11,	25,	'Fruits',	NULL),
(12,	24,	'Vegs',	NULL),
(13,	24,	'Fruits',	NULL),
(14,	26,	'21.12.2012',	NULL),
(21,	28,	'Drugs',	NULL),
(22,	28,	'Weapons',	NULL);

DROP TABLE IF EXISTS `tag_category`;
CREATE TABLE `tag_category` (
  `id` int(11) NOT NULL AUTO_INCREMENT,
  `name` char(120) NOT NULL,
  `vat` tinyint(3) unsigned DEFAULT NULL,
  `type` enum('invoice','purchase','other','temporary') DEFAULT NULL,
  PRIMARY KEY (`id`)
) TYPE=InnoDB;

INSERT INTO `tag_category` (`id`, `name`, `vat`, `type`) VALUES
(24,	'Income',	21,	'invoice'),
(25,	'Expense',	6,	'purchase'),
(26,	'Other',	NULL,	'other'),
(28,	'Hidden income',	6,	'invoice');

DROP TABLE IF EXISTS `wholesaler`;
CREATE TABLE `wholesaler` (
  `id` int(11) NOT NULL AUTO_INCREMENT,
  `firstname` varchar(200) DEFAULT NULL,
  `lastname` varchar(200) DEFAULT NULL,
  `company_name` varchar(200) DEFAULT NULL,
  `address` varchar(255) DEFAULT NULL,
  `postcode` varchar(255) DEFAULT NULL,
  `city` varchar(255) DEFAULT NULL,
  `country` varchar(255) DEFAULT NULL,
  `vat_number` varchar(255) DEFAULT NULL,
  `delivery_firstname` varchar(255) DEFAULT NULL,
  `delivery_lastname` varchar(255) DEFAULT NULL,
  `delivery_address` varchar(255) DEFAULT NULL,
  `delivery_postcode` varchar(255) DEFAULT NULL,
  `delivery_city` varchar(255) DEFAULT NULL,
  `delivery_country` varchar(255) DEFAULT NULL,
  `contact_person` varchar(255) DEFAULT NULL,
  `email_address` varchar(255) DEFAULT NULL,
  `phone1` varchar(255) DEFAULT NULL,
  `phone2` varchar(255) DEFAULT NULL,
  `cellphone` varchar(255) DEFAULT NULL,
  `days` varchar(255) DEFAULT NULL,
  `info` text,
  `role` varchar(255) DEFAULT NULL,
  PRIMARY KEY (`id`)
) TYPE=InnoDB;

INSERT INTO `wholesaler` (`id`, `firstname`, `lastname`, `company_name`, `address`, `postcode`, `city`, `country`, `vat_number`, `delivery_firstname`, `delivery_lastname`, `delivery_address`, `delivery_postcode`, `delivery_city`, `delivery_country`, `contact_person`, `email_address`, `phone1`, `phone2`, `cellphone`, `days`, `info`, `role`) VALUES
(1,	'Anatoli',	'Vladev',	'Core Ltd',	'Tzar Osvoboditel 53',	'9700',	'Shumen',	'Bulgaria',	'BG1212312312',	'',	'',	'',	'',	'',	'',	'Anatoli Vladev',	'avladev@gmail.com',	'+359883540824',	'+35954132132312',	'+359883555555555',	'123|123|234|235|||||||||||||||||||||||||||||||',	'',	'Manager');

DROP TABLE IF EXISTS `wholesaler_group`;
CREATE TABLE `wholesaler_group` (
  `id` int(11) NOT NULL AUTO_INCREMENT,
  `name` varchar(255) DEFAULT NULL,
  PRIMARY KEY (`id`)
) TYPE=InnoDB;

INSERT INTO `wholesaler_group` (`id`, `name`) VALUES
(1,	'Main suppliers'),
(2,	'Other');

DROP TABLE IF EXISTS `wholesaler_group_map`;
CREATE TABLE `wholesaler_group_map` (
  `id` int(11) unsigned NOT NULL AUTO_INCREMENT,
  `wholesaler_id` int(11) NOT NULL,
  `group_id` int(11) NOT NULL,
  PRIMARY KEY (`id`),
  UNIQUE KEY `id` (`id`),
  KEY `contact_id` (`wholesaler_id`),
  KEY `group_id` (`group_id`)
) TYPE=InnoDB;


-- 2012-11-23 03:56:33
